index	path	bytes	sha256
1	docs/technical_spec_001.md	79	b82c02ececddbfa1ab96381148ca0442c6cd1c0b3748b4008b5fdae6e0d168b9
2	docs/technical_spec_002.md	79	94c963fef7c94e07af8e08b6ab5d67cd429713b5144f49670722009b194bd270
3	docs/technical_spec_003.md	79	e9424ba2e1b50caa13069310479f32dd9f49805e3170f48c39d13737f5aaa51c
4	docs/technical_spec_004.md	79	036bfced061f1bc047431db914f177fbfef9340b3fa94726830147432bf505fa
5	docs/technical_spec_005.md	79	e1c5d4a87d2159d04f327ff40a9249d7854aef8eeb2a6f6005cd48eb534b2650
6	docs/technical_spec_006.md	79	a85bb50a0b7f442495a85d62f693269c38dfdcd863cb9a3e2fe701b22a64fca4
7	docs/technical_spec_007.md	79	6d602ec273622c86aa633b2b5d9e4a1516936aceb3d0039dc7e8a1808c8226d9
8	docs/technical_spec_008.md	79	01b04364f76082ea14c2a769dcac18828506e62d6babffa54b90dccb6c6b8745
9	docs/technical_spec_009.md	79	9a6c3e2fc235a76fc89b57704a9e462b721f69850f91795b233aaed712f2a38b
10	docs/technical_spec_010.md	80	bf53cfb3d7ed0f222ca70cac57ca42127e530b207fe8b16275f52c2a67c4491b
11	docs/technical_spec_011.md	80	0b2019dc5c9d1fdab73289ad1b67305a8a5cbf1dca960a437d662674a2b444fe
12	docs/technical_spec_012.md	80	47097fae9ba7f282f312cfc610f7471d992352bdc2e3db03239c6ed66c6fb0f2
13	docs/technical_spec_013.md	80	d891a20fd9c9a5a310a5abdbb7234fe662c41498c14af19229dc4ab3be6d92cd
14	docs/technical_spec_014.md	80	c474205fe60933f1a31b123f04bb7ee8dfd58eed86acd28a9bf36a60a456271c
15	docs/technical_spec_015.md	80	4596e0ad44023d4f02abfd82a0bc246a6530c9b143da15028ec87583756eac6c
16	docs/technical_spec_016.md	80	908639f2f3debbb59e409c0662ce8c8786765f220c3e0804a1ca074be9ff4f10
17	docs/technical_spec_017.md	80	c2ab954c721b896a7bf804a1444c08d122aba4c8c408ccbe6e80f6623e13d1e1
18	docs/technical_spec_018.md	80	88048366f86e4c7323371c4c016d62fb7802eb532ceede6bde7856fbde1f7aea
19	docs/technical_spec_019.md	80	bd3c958f9037b92d2371e2adef9c436cc057b688879faaf761485b17a67d9de4
20	docs/technical_spec_020.md	80	f82d860dbd03add892c70103d7fc00ab6ebc05d3fb1b9b767868e499a6d2a4da
21	docs/technical_spec_021.md	80	71532fa43acdb5589183ba41390822442eaa3915a6993948f646b47ed8d85abf
22	docs/technical_spec_022.md	80	9af40d6e98ad8d645bde7f6f2c36a3960f0b65198bd1a8b65de82e4f1cd23942
23	docs/technical_spec_023.md	80	e962052688069224db5d3d5437ef15ecb837f307939d04c4d0faa3342d1fcfc3
24	docs/technical_spec_024.md	80	75e8daa73da3aa20335aae5153b3f5fe105ed3ca42ea612aa3410b5fb27ea48d
25	docs/technical_spec_025.md	80	4e42e0cf7224ebd76bf8214e8387a100909be0ae7b44ead36d51204a3ea3f075
26	docs/technical_spec_026.md	80	5fe723e868e680f4b0739fd255ebfce63f83f9f3b9d5dc495887878f4185c6fb
27	docs/technical_spec_027.md	80	4345d79829d0dd279b35ef53a71f63650f7bac616696a413da648124fae07274
28	docs/technical_spec_028.md	80	7c0e8ac1c8ffc8e0411efeba8183221820af14f64b167139355e9511255a9a3a
29	docs/technical_spec_029.md	80	7219c3f0ec8d075ceda90a967f5deb7ff721c282d8a9b5632b041d3628544b19
30	docs/technical_spec_030.md	80	fbf192bb5df6b3dc3103b246f87f84759b57ff83e155ad7fca97e2f849d6a60b
31	docs/technical_spec_031.md	80	65d9d9fc1a906f1e49389233bde09045d6e3e4ba0b3c39a9cb33addfff9c2339
32	docs/technical_spec_032.md	80	728b9a710177114d0baa09fc81544d6e7ce165da9fa07bd2f3c8a385d115f0a5
33	docs/technical_spec_033.md	80	61985ca77c19d1a9907e6ea5a5e67310d4591351b9a21b48cde02e870185f049
34	docs/technical_spec_034.md	80	b64633891518d7a90db6e85daa05ef6f055741e981418bd8a05b0f0446e023b0
35	docs/technical_spec_035.md	80	4e93bcfdeea25c734690554f2ae080acc64c2054adfdbdfe3238dd1ef35389a4
36	docs/technical_spec_036.md	80	0000c039ab831e149289af2758f20d8d0978b75fed6c1df76c372e965db8feb4
37	docs/technical_spec_037.md	80	323ff66bac034459a3124234d6e38e76639248ead6b41a37b0bdad320d209ad5
38	docs/technical_spec_038.md	80	57aa3a695785fbc18ab433da70328d9429b0c44d51253dead5690d62f577538b
39	docs/technical_spec_039.md	80	ba2be47f44cbb041cad001d3348b67e0384d02be94f58817642c1f77d94d8a93
40	docs/technical_spec_040.md	80	40ef37a917a06b173d1c475bf0c832368a2f161b3eed58aa5c792c0e4bccb47d
41	docs/technical_spec_041.md	80	2d798ef747a111975a74a16e44364b9c769c92c2ef2f3cf086e67badf36c70ec
42	docs/technical_spec_042.md	80	ec291a59f72b0ba3ceade9cc5fbe475283c41fbccf3cba9614243661fa5db002
43	docs/technical_spec_043.md	80	c391a589781d0a4123fdfd1340033219b314575a29fba61271b0b031dff0247e
44	docs/technical_spec_044.md	80	d46ee22cd39144bf073f9684251b210e3521197be37ae60d0b4d4979108880e2
45	docs/technical_spec_045.md	80	4ae238fd0fa6ba17b79cfe6a5bd82b914b0db57ec759e36abf3f611f5e797828
46	docs/technical_spec_046.md	80	84bc013b8d6260a2c3789f60fd1cb306ed882184ad95fbff798cd4366fef1821
47	docs/technical_spec_047.md	80	0557c782504927a86fc735b6c6b870725e4b39ff98dc3209defe61e319f0cdf2
48	docs/technical_spec_048.md	80	71bd34b04549bfe1591e94bd118169baab9e439bf1dc7e427ef5b1f52e9a0c1c
49	docs/technical_spec_049.md	80	4620404f84934007eb9cec3f0712f528777e27f0e29f9c53f0fa3da83678c7d8
50	docs/technical_spec_050.md	80	85bdaac274e00b746da1fe91f8fb1b82e088d0f9a271cfe83b0838db5d61c19b
51	docs/technical_spec_051.md	80	948da663e8227a170a39482b7f037b49eda32c52b38949da8485c6156a86a57d
52	docs/technical_spec_052.md	80	66639246c89425cca9726ec1460c9a73da37f323a9575738ca919d6b9350fce0
53	docs/technical_spec_053.md	80	c1223eea0681737d9a762391244d4bd5a2a6d7b889ba70ea4bb9f0c018f0eed3
54	docs/technical_spec_054.md	80	71cb40201dd480ac1b5fed0e8b21f882dabdd8ff8b11c88c9130174c16a9f7ba
55	docs/technical_spec_055.md	80	5fce4ca4891aac5fdba61645ca8244109f4be017c05e3c340372b8fa278c2de3
56	docs/technical_spec_056.md	80	eac472542622f0a95e5296119a1d287865e680b5aa3e054bce473524da1a9abb
57	docs/technical_spec_057.md	80	b24d1d70dbaae8f55f3e14c7cdec81207af931d2cfe88dc09c77a4dfe51003b4
58	docs/technical_spec_058.md	80	098bcf1b39c794f21089aa0524857b3a04893f722666cc2620a9cbfb097e897c
59	docs/technical_spec_059.md	80	ce7bb9c0245090caec322661e306fee49e04ba6a2c0c1956b7f6b89fcabbfd11
60	docs/technical_spec_060.md	80	f794128e24fa0c1e93d767d356ee6b1c9df3bddac8f50a7253987065a7cfe4b0
61	docs/technical_spec_061.md	80	1a852b4282d78e13f5e93df78a7c1cd9864449d29e87382d6b690ee3521f54d5
62	docs/technical_spec_062.md	80	a5176b58d7a9d437bb2941d87973da48d9e66b895303ff3d45bbd0a0fd6e32b3
63	docs/technical_spec_063.md	80	73be307694b6f4e3e4310632a298db1c14f06b2471617b729f374db4cbdb9b61
64	docs/technical_spec_064.md	80	160c91cae5f0a741fda6bb4f9d020c0bf235dbf1f75c20cb3c5e9ac763d1c03e
65	docs/technical_spec_065.md	80	a00d81e411f4b1b89b2f861473c0396161552ae35add0a5d20ebb2a1c897ef3a
66	docs/technical_spec_066.md	80	c07b42275b4c268a8ee196f247a76b0965cc30ce123b49a0a75c99602a26bef7
67	docs/technical_spec_067.md	80	fe93b8ddbfe22072c619ad6b024e64e49e9b2db2f9e2e275305b505a8481cb9d
68	docs/technical_spec_068.md	80	65bf3881a30275841ce7a5fbe25427ffd8641c3f9bf71c47292a4daf2d7e2c7a
69	docs/technical_spec_069.md	80	85a920ce273ebdf2a4b170a538020db2f3c4de4b6d559fb34d6d7fe2e25289b5
70	docs/technical_spec_070.md	80	69638217fc2f11f425cefc8a408063732c8770bb3722c80dcbe752c1186b406f
71	docs/technical_spec_071.md	80	14fdbe736d369d253b984b79b78b8296f530ad02f194e68a0bc60312e6a4ffea
72	docs/technical_spec_072.md	80	76d525b0ac00b82eb6d751e0f96140db6b878190b0e81866d9779a00a706c630
73	docs/technical_spec_073.md	80	650e3b57715fe552f23b2e13f0a33d5389e7b045c66f41b0a92db21cee383eb8
74	docs/technical_spec_074.md	80	f3249aaf11a5844635a5b415d3891487f45dfc003afb8225bcdca0cd665f2a08
75	docs/technical_spec_075.md	80	e43d16b40ee3d548a1857c583b8b2ebde2bb65dd421ee62f41b026b684f79c62
76	docs/technical_spec_076.md	80	f7904deeb1feacc4ec150b3df90562d733e2e6ec45b83d5e8dcbc125bac70926
77	docs/technical_spec_077.md	80	8d343cf1dbf53a2ce14ebf9155bdbef550333771b17c6a5787709fbed2ab14d7
78	docs/technical_spec_078.md	80	4c44ebdc89269b40f4f3677bf01a2dd6218a984990f6b54d4e64e4b59f721fc0
79	docs/technical_spec_079.md	80	e3218c5579506d24d4b3d423c0da542ce7eb7119188c38ab37c66041e67f1b2d
80	docs/technical_spec_080.md	80	1c0245bef63f088af2ed5c79d718ec16f631974f85d9a6fe287fa418910cd8b4
81	docs/technical_spec_081.md	80	064e5285e7c4fdc3a03ecfe239058d512aaf3ecd9a72e5b09c5d8d4315dceefe
82	docs/technical_spec_082.md	80	df2eeaa2b592a40e47f173b9a92e5323de2058d36ecc5ed4dc2e9e4399367091
83	docs/technical_spec_083.md	80	28e3a633be73a9f5fa107926cc1902d5b9aeef9060fc1d2301a33f4c7a774a31
84	docs/technical_spec_084.md	80	b88a49799d5f4cb186917f89108a8f23b143caea5e64efae29d97f0f46c48a2b
85	docs/technical_spec_085.md	80	e1ff9265f3e7d3746b5f034002dec8c9d463f1541713957f0870bb18eba241f0
86	docs/technical_spec_086.md	80	41bb250cd9808dc49270de1ebfa3644b1bb76e89e69fddedaf8314c7d6275364
87	docs/technical_spec_087.md	80	428e67c66e107908b5e8932e761b8ed5b030907475c507ab0f665cec66977b12
88	docs/technical_spec_088.md	80	235c364f8826a620bcdd7f129dd588f0bb9682d8fba06ba546ca7cee64685617
89	docs/technical_spec_089.md	80	56f04bfefad94829b92787153f6a5e2203aa1c8d9e078370635130776225af35
90	docs/technical_spec_090.md	80	a8f9f3a423e7cc7c18d498db72756bab0aef660d007b0b874fb8c94b7ad5083a
91	docs/technical_spec_091.md	80	bc25b8a509aef65fa67ed17196c8c127ab7479021e30c875daa15e18adc2f35c
92	docs/technical_spec_092.md	80	25bf3079e74f34cb372842c1b3015489cfa37c21d12357a888f1dafb21d8a908
93	docs/technical_spec_093.md	80	f2a1d2dbd3fd7e449e415dbcb5657e8790621527f94490aebd34cd6f5908320e
94	docs/technical_spec_094.md	80	17010c54cd5939d1c42a34ca5fd6af1232f5a9b297a411762c8637a4f322198d
95	docs/technical_spec_095.md	80	dd95e8f8d4dcfcc08b9960ae4f8b920a3df63fa09fb8f66f7538cf1b63913173
96	docs/technical_spec_096.md	80	d7b6282eaee55e1d9315176f6ff6f4d0105571c1d1afe61d3b21b9db68a86235
97	docs/technical_spec_097.md	80	697ba359160316683c4110e7a3667e6c71fe2ae38bcb3dab4a8e92802cac184b
98	docs/technical_spec_098.md	80	44120214ae12df5832c979849490ab3bc264d9b858420aeba0ddbb316b45155e
99	docs/technical_spec_099.md	80	2753b91d02b3d393f3ab00a61bf1186b77131e8b2de2305ed10ddc56ef465ad2
100	docs/technical_spec_100.md	81	ec2dc0d633304b60a4f8f7db85c57a3d2029d28f201d7d6b6ebbbe6decab08d0
101	docs/technical_spec_101.md	525	2ea166ef843724fb340d32d40d80de56ea2d4a71bebfc0c394414777a5725cf7
102	docs/technical_spec_102.md	525	66c1c41dac2cd9548042c2b8d82e0fb78a07689151c41fce58e2421adf011c70
103	docs/technical_spec_103.md	525	b943337f3dcd756c699f69df8d0177fc74b8ea279a066bd5918664019ab708bc
104	docs/technical_spec_104.md	525	22c928cea3c43e72eb18d22326f4c8fc6ca007251f83af2b681ed09e4146cc47
105	docs/technical_spec_105.md	525	937259b66e2967a312166eb2a9d83e8e9e098fce431ba303b8535a76c5967251
106	docs/technical_spec_106.md	525	4d9da692e443bcab771cad59f6d1ce80a2e87463af82e82db7b23779379c7040
107	docs/technical_spec_107.md	525	14574a48e49ea0e40ff9fdcfb07e141af6cce66dd2d4a5625cfc284b901f9b50
108	docs/technical_spec_108.md	525	9385501d0ad67a5c4df429b90ec9eac25e5bc264febff167ced30c47e9f28309
109	docs/technical_spec_109.md	525	805bb844cee8bf81eea59ed9b610d7f9a34d9aa766dc047cbab76b3d8f76fb3a
110	docs/technical_spec_110.md	525	e40747441bd589621b83e331a38b6949895b6fb9932f960499780ea0e379b8d3
111	docs/technical_spec_111.md	525	08ff13ea453f52f22cf33882677ad179d1a4fcc1f5fc3b9a86d67a131079a743
112	docs/technical_spec_112.md	525	6bbbd103c2e18ad01a1848074f5fa44271eae84f47fa369897acbae6d772d2be
113	docs/technical_spec_113.md	525	6742bbe9e23e70522fb8c9d2e4862f0182ba4bc837079bdf0bd3b1becf8d77db
114	docs/technical_spec_114.md	525	8ba4911f3277f3dd47364a517c2a4bf2c3f70bfcea32f4535aa824b077e820c8
115	docs/technical_spec_115.md	525	fe6f3f3985f78956bf9dba0c95eb6e30640e5ac1a0766df133c4729ee27ca390
116	docs/technical_spec_116.md	525	7f0bd2ca85dbc4706932579207f52987eb5193839534d1a9d6b74fb9950ded9f
117	docs/technical_spec_117.md	525	c61db5f264d6ca6c4a5c2f22b95c4c8891cd9c760704cc328e26aa703e36793c
118	docs/technical_spec_118.md	525	1a43b0922bd451aba68116d92210d6be8bf3e9b9a4bad1c775adcbe7545783f9
119	docs/technical_spec_119.md	525	eb909860770be73dae3b1dfbe8ee5031ed61a40762b23b17738c26e77ad83412
120	docs/technical_spec_120.md	525	006bb2f162cbc19170ec8284b30437a67e511872213be7c5dc4ac7b92c96ca88
121	docs/technical_spec_121.md	525	38dbaa0cd3bd2a8de85db3d8d34ef3443c15ba51636d036d06f538931eece116
122	docs/technical_spec_122.md	525	2b251c52ff78627e8aa501ffe4ee0c422e090aad4db8e1daba014c2c752f785f
123	docs/technical_spec_123.md	525	922ab591294d405c31ed8175d5699df6ca638296d25d77f67037fb55c9d42d55
124	docs/technical_spec_124.md	525	8a60b55242337c2f01e2e465f77f8ee85ed162c15a7bd8294b3d0b3338830fe2
125	docs/technical_spec_125.md	525	f458c0783510d11a73479b6c02e2eb1cd97fc9e366b868f1aa06b848a7b2828e
126	docs/technical_spec_126.md	525	765413218c4dba424bd0b854e16182a590b3975bf4410929ef2c484f3171a629
127	docs/technical_spec_127.md	525	b09e1608993b618a2a5299f51c7da63ec1a5651ac1685bfecbcd63ae9737d02a
128	docs/technical_spec_128.md	525	902bc90165125c01f18fb3e616ddbc4a00ed4e81480cad451598fa0f9407e164
129	docs/technical_spec_129.md	525	1194e4a1633b7a0d1e03bf7c1e1ce3fd0aa94b9bd518a0866c7e36ce9932bedb
130	docs/technical_spec_130.md	525	627e6e99bbc4c39d051ac07ebcd5a22400ebf0f4c91fc40db6ac9ce59917b2b0
131	docs/technical_spec_131.md	525	2769aa8b56d9be11f2b9819057041edb03ad63b725320e456829277f4f9c7cf3
132	docs/technical_spec_132.md	525	e67a6afe43a5292c085b8da68c56c5584798a70da3c06c8bbe4a593cf8b11580
133	docs/technical_spec_133.md	525	adc49f4988a9fa99dd674971c9ad9efe711f968b92788b1cb67cad6249f2e474
134	docs/technical_spec_134.md	525	6921224afef986d3a7473a9dce79215ddec26b7e368184971cda43033eaaa85d
135	docs/technical_spec_135.md	525	e494513ee205bf4b1f6e62c74bd7b66dc6674940578342f7797769915502e19d
136	docs/technical_spec_136.md	525	4fee242a2b6f0549d871404fb7fee23e2adb89dfb4b6661c5809660b7e4dd51c
137	docs/technical_spec_137.md	525	923fec143c6ef13028cad67142cde2eb0f98d47dc70e7dc77e0724797aff0ce6
138	docs/technical_spec_138.md	525	31d51b95e534a292c4e791d34f98601c5828372e7484cbb37f159da33d069c39
139	docs/technical_spec_139.md	525	bd5b2b2675fe284d0a578e6d4d754eacccb149100b319d7c74bb13a08625dc0d
140	docs/technical_spec_140.md	525	283ba12c00877b2c884b1522da8b104ddcae764b86c7b3c406bf77275c93a558
141	docs/technical_spec_141.md	525	e44670f961de5e3e61fa7d61f5361a6e356a22927b9f5773d91fd8728bb926a3
142	docs/technical_spec_142.md	525	9242e94ffeecb9864b58204070b34e1c5200f4a1899af8ba79e4389ecbd2e203
143	docs/technical_spec_143.md	525	8963ad44a928e1e37b3480cbd66ab14d42693ae2be1f1501362e6b7822bc196f
144	docs/technical_spec_144.md	525	49457bd8b663a997fad2227a75ae723bb3156699378e0c4b2bb47ea74abb422f
145	docs/technical_spec_145.md	525	465ba74d80c90821d776821ff8c845427ee52eaeb63646e416363a78b7df7a3a
146	docs/technical_spec_146.md	525	fbd3082dd224018cb75d0f8b5e86d149659b8b171fdc580941d4a3160f1aae01
147	docs/technical_spec_147.md	525	e03eb098dc1295906992c513ea36c1c960240ace3ba6a90094194dd504c1c882
148	docs/technical_spec_148.md	525	6422afa387ff9061e12b967cb90dea00c5bae142934de87615ae64222edf49ba
149	docs/technical_spec_149.md	525	25adea4ecc9d5bdb2c754fec44ffddb44154145c7b65253e31a2bf08cdb462c4
150	docs/technical_spec_150.md	525	5e280392e1fbcacdccef5b178665a9d8d5ed385373080499090e34483f6ee846
151	docs/technical_spec_151.md	525	2a05c623e3777824823ec463d2abdfb0a355e107b8fcc4c4922f09c6c310c081
152	docs/technical_spec_152.md	525	57297ce258f8a4fa5d57543b5913876c3a7fca34b3b0cded545c7bf3f2b35ac7
153	docs/technical_spec_153.md	525	cd3ee9897169df12a6e20bdab2cca4fffdf7207505e486d2c1512a802ce6a91c
154	docs/technical_spec_154.md	525	d353cf2480e4237da6e103bd43a6bf79964cc743c055c118efa77a45beaf3234
155	docs/technical_spec_155.md	525	87805a04e115daeaa2ded8bead54b466cad7f771312f672af70a19b2ce80014d
156	docs/technical_spec_156.md	525	96cad3b40aaf8c07d4de5d78b85df49eb6c1aa93c29101d0fee709bc8b84d3ac
157	docs/technical_spec_157.md	525	faa9f68f48cb8aabd74ce46b8f9bcfbef989f8dc444a55539e723d62668830f9
158	docs/technical_spec_158.md	525	5aca54c962861fd5a03bf0c0b2991bc9c1efe7c41e9029630040b86fe5f0d015
159	docs/technical_spec_159.md	525	2d40e395bde95e06a474908560c78d22452ef9fc01116b53d4429154f77cfb4f
160	docs/technical_spec_160.md	525	85692deac9fa60f1853cb1e7c5716118f7ee1272094e84bee2614eb46656f46c
161	docs/technical_spec_161.md	525	062cc2be26a37c0bd37bb63858fd5e0138511465b51b15da014b3c3e3a78d460
162	docs/technical_spec_162.md	525	d71207aa7fc8c7ded69b29617858a91e8a557764693c347b31e01d7f136ea4e5
163	docs/technical_spec_163.md	525	897bc7326969fc4811ae6364a0e9dce16a12d0ef46d892edd6727b36ecde5667
164	docs/technical_spec_164.md	525	67ade39ad9ae2f8fd73652981ee194b1502a4770c352ce8285f2be7f2d47bd69
165	docs/technical_spec_165.md	525	77fa5c0adb473b1fb2f08bede594c847713cc61aa7b2f30111ff55b8ecbb32ce
166	docs/technical_spec_166.md	525	85106142911d090c9e5f81f1ee98b46d80210ddf1239eb8e7fcae1b9b01e691a
167	docs/technical_spec_167.md	525	05214bcef37b13843e8e5c687d527f3bcbdadc56b1828b2aab205ca5131e780e
168	docs/technical_spec_168.md	525	f7e501b833820a3a73eed61088129b020fa1f6cc3e01e9ca82cd1916057593b3
169	docs/technical_spec_169.md	525	1fc579e1d64ee4ea4a1756eca8a7d392ec3218dee8754535c792def59ac4589b
170	docs/technical_spec_170.md	525	2c49ce9ce344ca10dfa099c53a4bec6e3e6fa59407ef6afc0859ed020ebbae12
171	docs/technical_spec_171.md	525	541a67e318243c9b680c78a218dcd9afeb7c999bb7432a049db3740d16202e3d
172	docs/technical_spec_172.md	525	2efa3efe726a6ef421a66db0375f287ff8b9c7e61bd7037c4bc6ab1e19be8026
173	docs/technical_spec_173.md	525	c355a4032b54479ef56bfb7c3ce1c77654f3a0b1edb2c82465537146fcf3548a
174	docs/technical_spec_174.md	525	3d2e6912c17900a95dd8df201a36743f67d249178e4d3f210fa5087f12573e92
175	docs/technical_spec_175.md	525	497af5c4031c54c209efd805b851b65baca97d966fa73d4dcbf52e49fb471ea1
176	docs/technical_spec_176.md	525	f2ad4f4108ac80810e1c45d0e9a612c07eb629bdd95a7393c8b31b97caf1f2b6
177	docs/technical_spec_177.md	525	4cb0f1a2e497ece2611f3cbcaaff8b03ee8f0ed7ccebb4c0c39ddba86713e13d
178	docs/technical_spec_178.md	525	bf426f843bf8ee7d14f59d9bd499da0a20b59d03db6ae10080e3282a85ef5e92
179	docs/technical_spec_179.md	525	126a0b631dbcd87e940cd0258da036e32e9a3ac4127d22013071f17aeca4893e
180	docs/technical_spec_180.md	525	a6dba85e5bebcfa7f9f922c71f24ee2b9532bec05754ff67db456b9be3e24f8c
181	docs/technical_spec_181.md	525	35c873311f4c739c3988858974b1816cdf807e6d564ed7d42d54949f00bf650e
182	docs/technical_spec_182.md	525	1644dd6c0fbb633c3abb5fb2dbc55de2d65b99810d5772de45b4bd472c8a1007
183	docs/technical_spec_183.md	525	a060cc64838bacd23fd9d5414c10eccabee7a666a9826f1b9ba446503db35868
184	docs/technical_spec_184.md	525	f57116ce390b0217693959b32e5396bdfb000e06536906d2aae027995637cf08
185	docs/technical_spec_185.md	525	babe131f5d81b017bb3ce3714ba478a9e6ef247de03e272da93410672cb8e8e6
186	docs/technical_spec_186.md	525	ee62467cc756d433fda949933479cbcb29133a40c92599c1723fd142166dbac7
187	docs/technical_spec_187.md	525	f4591a6a0792c04d3d8cdb7775fd7ed26694b8fc2690b4e012dab71cdc55a616
188	docs/technical_spec_188.md	525	46881009020dadafc6242b7c5f862f92b689a2015b3cbe77829a5faad7bd10c4
189	docs/technical_spec_189.md	525	71132b45dab19729ef8049a7c9606b030cfe37b6f53a08d724ae42b9abe86edb
190	docs/technical_spec_190.md	525	ccddbcf4a03ebb85e08964a89739facc1a0f3a6f8e51629dabecbf40c2d6bf04
191	docs/technical_spec_191.md	525	8b8730a7303108259e6895de0efb134a4d914c946b7d196cf826587f109ee67f
192	docs/technical_spec_192.md	525	e8b61eaaf1c241e8ba08cab9bb70e42395205c2e9d45c55f5ac4da0d523e1b94
193	docs/technical_spec_193.md	525	c2aa6e1b6db88904f39823008a0cb310b80fc56c1fd0eb8d9965810d4e4ee0b8
194	docs/technical_spec_194.md	525	225eb61984e93070ce202978e654e43e7bb7c06f8fb3d3eda5eb1e0c183671e9
195	docs/technical_spec_195.md	525	ddce61ddf2a716e0267d6f3e7a1f1705363f9371b14a21ad886583b7175632ba
196	docs/technical_spec_196.md	525	5b548b95cc9a927c46de254ac80abd537a0b1193dace128d09b847e754cab829
197	docs/technical_spec_197.md	525	105f5401717d55002fa4f7b4147e67e4bee620be611b1ff214ebdffb48f50e51
198	docs/technical_spec_198.md	525	6339f4eb9e39124d4a88837b65b5a50e96b989edfb59ff91dd549b2f3d9e2985
199	docs/technical_spec_199.md	525	60dd4baab6fdf0be7f31b54d33c5a51a9d28a781969086f0dcba045458b9601b
200	docs/technical_spec_200.md	525	bfc1d9e14ef68f3f2a5e968cc71b52a1f1ef9b5e3689cd48f37921d1fcbbd591
201	docs/technical_spec_201.md	525	f423da0750e759ea87b98483f48c0737c7f7eecd7e4cb40257af3eb8910620f0
202	docs/technical_spec_202.md	525	06da78cc112d5b6e16eefa4e9fc47be01c5a20596e83bee9207bd14f043fbc55
203	docs/technical_spec_203.md	525	8414a8edc5d356bcc8776539f0b1c6a68e69ffa44ef46de5f091040e2daf82a5
204	docs/technical_spec_204.md	525	3ed24a212d05b7071d1deb350f39b04113bcb9fc97087c8b394896b6bbc28a8f
205	docs/technical_spec_205.md	525	397216a204c6f2dc69580b16be084ed7cc777de36d58414814ae57501f89ea37
206	docs/technical_spec_206.md	525	a15aeb5aa23d1812e1c7fe28b558f7282bb185ac5edce0d188513d6df98db524
207	docs/technical_spec_207.md	525	449dc6b58e34df2d8ff15b2087b228d40d9d4c9c15e820df59469df17e5d9453
208	docs/technical_spec_208.md	525	4baea74ce90873d4cc355739c5d6de9d14396c41fb6253f29640e3f5e320d271
209	docs/technical_spec_209.md	525	a791c911cb9aa9fe5c4b3b5cd8e97c5878644cb061ba11f5d4c4a334a41743ed
210	docs/technical_spec_210.md	525	077f5c6abf55390a7216c47f0d8d21b365943cdfe34969a74be4f06b536e1cf0
211	docs/technical_spec_211.md	525	6e3cc8af016e4e32153ed058451c798ab6d7668946e132f9a95bc368415be3d1
212	docs/technical_spec_212.md	525	4af90d7949b285f41b069e0e7ebc20f520dde7e0def5d487a53a00268abd3b85
213	docs/technical_spec_213.md	525	9214b6bb4b36bb1eb7920ddebf2447f9c4e062e0bc13f22a16dff6b1195098dc
214	docs/technical_spec_214.md	525	1d7dae437567407cddeea2ac35b2ea70fde5c676ce273f292f8dd514be659575
215	docs/technical_spec_215.md	525	a6bada0059914b315d4af0b6a5003798932c7296cb4193869170f98cbe9e2fc5
216	docs/technical_spec_216.md	525	f81a3287d893c5ed65be4a3370d70b97e44813e5d7918bc046c9b6ef8024159c
217	docs/technical_spec_217.md	525	15c669607ab8b8de427fb9ae4b351cc669ab6e9f8ddc3d030297d2a5747dfa6f
218	docs/technical_spec_218.md	525	816f232bfa298c93b7a2032e8ff402e067e527f6a12ebbc56353940912f37446
219	docs/technical_spec_219.md	525	951bb1fdd9064fbb2bbe754c579de86498b44ee1db44eb749cf70ad4a08d5cdc
220	docs/technical_spec_220.md	525	67efb967a7e0455ff4581f035f9d553f177150075402dc378fc99c2a545eea88
221	docs/technical_spec_221.md	525	0d9234135fe74a1dda4212d6e6bdf7bfbff9dfa16556cd1ecfe695c477e2223c
222	docs/technical_spec_222.md	525	5612b01e528fba81d1b12f10c38c8815971b70dc7e15e3bc99353a933fadf042
223	docs/technical_spec_223.md	525	23c184783c138356d658ec340df60c805c7af4879214369b12be79f169acea46
224	docs/technical_spec_224.md	525	575521dcf4ece967634571d78093a024d34b1976fb47feda6e646e1dfb959997
225	docs/technical_spec_225.md	525	b8e91443e6e9d367c67440df932b1d898693eb689458a9fb68912110df1328c2
226	docs/technical_spec_226.md	525	6b03303cfcb792bea6bd6a379c0b2c91184eaf34ea00fb19f1d81809ed13240d
227	docs/technical_spec_227.md	525	78f1c42df54dca643247cc19a1a7001c9df3d7de641683500fa2c31616686bcb
228	docs/technical_spec_228.md	525	81f7380be2b350d5a4c409fe11c23b4e2d94afd566dbb42459001865e30afeef
229	docs/technical_spec_229.md	525	0f970e9d567af162f52240b7b9d0892bc3552a1ba300f98dcf9e246dcd850d0b
230	docs/technical_spec_230.md	525	18739fd165c231857e916f2ef0e32ee1d08828e1e54db79276f1d53f68f7dc27
231	docs/technical_spec_231.md	525	eef800673705a4ab33291aa4421262415cd6b5dc26cb5f6a2dcd8fa6874f54a0
232	docs/technical_spec_232.md	525	6212fbeed53ed6e200821ccdff6bf794cf7d8e2d920e4afac0728576e23b5d09
233	docs/technical_spec_233.md	525	7b07743dad94e2b8df2ade89f001a479da1cb161e9fc3d73c56a671ba018acda
234	docs/technical_spec_234.md	525	3b0a9b3186b464bc7a33da024b4d053bdf6c24d7c18ae465e00216d17a7e138c
235	docs/technical_spec_235.md	525	47a1563fcf785c77f39e12c224d32386d914b9b4578437233a5de05a0131b391
236	docs/technical_spec_236.md	525	a03cc867761f93814196e9207caaf845654504257ac443541cf1a211d1102c81
237	docs/technical_spec_237.md	525	f9a69c621514ff90c7a3f66db7c6b2dc8724d477287d11d93bb77ac26e38921a
238	docs/technical_spec_238.md	525	103c32105c5de1f1ccdb5aba4a0b40f9a5355b08d507e49795062337331e4aa9
239	docs/technical_spec_239.md	525	5ebd82c70179bf8916c88a2ef9dbfbbab6de3f682ed5df078bffd762cda0ccad
240	docs/technical_spec_240.md	525	64a700a738c54ad5034be96b1c6cbb2f4d354c11195ec7f26d898207cbfbede4
241	docs/technical_spec_241.md	525	7dcbd7298efd3d21597216317149d0d26f7c6f391002fdb0a2ed2afe19693cad
242	docs/technical_spec_242.md	525	05b537a92618bd2ebb8a1ae643434668bc52dd324d247f30754207e0401170a3
243	docs/technical_spec_243.md	525	7eccf338fd0e80ee6c24471fe0be7667ff828bf81ce8e2c74223aaeba07c1598
244	docs/technical_spec_244.md	525	b8fe9f7312b3203544095015f89c538636aec9e5caf44fd2ceebb7fb57b37b46
245	docs/technical_spec_245.md	525	406078f079882405705f8603a302188e9d753ebd89a9ad7447e4ff7ce4f1652c
246	docs/technical_spec_246.md	525	b17f3fe7c0527dd3281845c78d605bdf491e83062d2783ba02387cf566a5d89e
247	docs/technical_spec_247.md	525	70fee62aacf1e7bc11b9acdfb61f027ca0f66a0e5446a79c6d20a65bbb7a93f5
248	docs/technical_spec_248.md	525	463817b66eb326194dbd490eadf7a2d7f675a66a594fb0a6ddf3df2c6684bccc
249	docs/technical_spec_249.md	525	0832e30746ce9c82d78916fbf934dd181766930436809a3c11ea8ab393e04d45
250	docs/technical_spec_250.md	525	5640040f323aeae022d4838bf7b81466199d276474cec29ee3f10a59108e9cda
251	docs/technical_spec_251.md	525	504cc553fb0a25f04e8bc40def18f1c14ceb535684430ceba27d2ad1cf322add
252	docs/technical_spec_252.md	525	9688d7d857dd2f473689a7c1fc8b70b92c940ecb1c17ba75ac12107d2051d31a
253	docs/technical_spec_253.md	525	0b0a0e87acdf217cfe5f503a9dcf99ed398384733153725b42986a98c2e34120
254	docs/technical_spec_254.md	525	c1cf8a11015edfeaf6826fdd058a777a72b9e1cd2004cb889b64bce579207f42
255	docs/technical_spec_255.md	525	de044a779e1079298d725f506ded6f5d34beb5bb899404333096b02abf45c9b3
256	docs/technical_spec_256.md	525	d96c435440083a49a65ab703971263c805a5969f58b2410e72905d423128dfcb
257	docs/technical_spec_257.md	525	36477b14193b9817b6faf1729a6484dea4b5b73fa069eb611e1a0b4f8a14fbec
258	docs/technical_spec_258.md	525	b0460a03a174b35c449adaac18c92d8ddecba85a4de19807c61db7d703ec90f0
259	docs/technical_spec_259.md	525	8bf54f2253c1e459cd235e93189f9ea6b7447f025b8ecfd7b4ab2e60449ea3c9
260	docs/technical_spec_260.md	525	5e5dfb0516a8d4a48d8e952fed63bec490fe79295e9eb392fac3e9c499f593ae
261	docs/technical_spec_261.md	525	435c595a2020a4492cd8e40a1224cd7ca5cf14ba15fe09a4217339235e31ada1
262	docs/technical_spec_262.md	525	5ead9dd3f7dc292fd76c055aacdb3cca5cc7db128b73a64c885fb49533174c2f
263	docs/technical_spec_263.md	525	1299895749a6740758399bd1caf7a2bcaf650f72ed774dc4ed714db0e513922d
264	docs/technical_spec_264.md	525	ac06b958385e246f51cd53157a43b975f04f954cd0c10496521cf1128e6172e6
265	docs/technical_spec_265.md	525	3fecd637c31fc8871b69878a87957b87bd11448e93d79a0dfaa860f261901c79
266	docs/technical_spec_266.md	525	b6aa3928af687eeedaabd0f0163b5ced7264f78695dd9fbb2255453d74ba9141
267	docs/technical_spec_267.md	525	4c82afacb6a0241783525ed3b75dc4400c98bb375a6dbbfcea6bde50b77e14b9
268	docs/technical_spec_268.md	525	d2227b98b7f67dc82b4adbde81115d14aa62c358e5354f252d8a74c802d90829
269	docs/technical_spec_269.md	525	30198fdec86edc86ea3e37136d011ca665c077d861fe8854d4ce65091a656a87
270	docs/technical_spec_270.md	525	4ba996188ec1a6c0b8ccd84627b78b066a5439c863f4aef6600507ebc4d7d0da
271	docs/technical_spec_271.md	525	b0cbf9a76aaad92056319f169426ae09bbf49c674181d8587400a6978f21c3de
272	docs/technical_spec_272.md	525	12fcea417e15684a9961b41baf690a17f39a6004d76f2e3e04e88263c280ccbe
273	docs/technical_spec_273.md	525	d59b925f45e1edec9c9c129a12908e36b8cea82cea29576f147b559c7d8dc5fd
274	docs/technical_spec_274.md	525	925b9edfbb82bec0aac4a2813adabdf826eb49cf38f3fd21cdd276a991ce85ee
275	docs/technical_spec_275.md	525	ea59971c8be710b00b59f0dee43ffbda2d13cfe438d507187473e85017e35ec4
276	docs/technical_spec_276.md	525	5bee436c884a4418c150c2f23d1e33c314177f1e94d88947fc3597a7712d109b
277	docs/technical_spec_277.md	525	f08db6811212696e206d3c006d44ec99c403ed5fc7d19ebec68bd467b90971ff
278	docs/technical_spec_278.md	525	74f0acaa801ccb356cda1d7aee1370e09b4d49470e49c850646afe96cd323ffa
279	docs/technical_spec_279.md	525	716c4e6b5606a906e21bef4f40c0f765aa943050270c095f64cbf74b466fe474
280	docs/technical_spec_280.md	525	976be7a385ab84174bef0baaaeff8bfbffbceb11bae2ae6563f883522e4f6d03
281	docs/technical_spec_281.md	525	d393886eb7eab6a67f3ea9401dd684786b213cf45a02fb443393aaeee693a6ca
282	docs/technical_spec_282.md	525	d8792727d805ea760012bfc79b313c14b160277ed9816b7b12613546a5a0b661
283	docs/technical_spec_283.md	525	af59a1242ba6618827c95c50c018c2c9b2073864d97e279e4d61edcdac6b87ae
284	docs/technical_spec_284.md	525	cf4b06b111408643ba7b9d177e3e18092ec0b2e28df47d990c6670ee5df025c0
285	docs/technical_spec_285.md	525	08d6eb7b3fee94f8cf995dce4e5b5d8473dda53499f385630ee83c2a5fe4f933
286	docs/technical_spec_286.md	525	a2118e196c06dd102f9d43e8e151061247eacd66c8113035165bb6143257c2cc
287	docs/technical_spec_287.md	525	a28b9f65f610b77dfa6e697dfef4877ddba187a3b9aca53922e32f7c129f2bb4
288	docs/technical_spec_288.md	525	e8259372cf6eb4e487cf0f284099d016846a9720572561a2b6d031f0013b996d
289	docs/technical_spec_289.md	525	725b95cb7a9567cd1f9420a0e0ddb8b7ac804cfda29c502521bbfc6e78dbb0f4
290	docs/technical_spec_290.md	525	95bdb41e6f666d3f9ee9e211ff1a9dc45b75f5661cab3e7b614dbf9fbf1aaa02
291	docs/technical_spec_291.md	525	c120aa220a4d2cb059e0df7db336493b0f231ecb775bbb573993f1195ea64330
292	docs/technical_spec_292.md	525	95abd37eb01f9d41699bc3f0bbf68a210cd81bbc5ee31a5a55058959872ffef2
293	docs/technical_spec_293.md	525	290e1984da55ba58e07787d46168462a85d4aa9418d17255726cb3a0b1169029
294	docs/technical_spec_294.md	525	2414212511adaac731c9760aa8398e1da1b8268de32e6561b07f780bc1597f3b
295	docs/technical_spec_295.md	525	10ba93fd471863a2e831091017035e1a14f0270c0bfe8b4f5bd6291e6e10dc8a
296	docs/technical_spec_296.md	525	948cb89a59c58c30f4bdca5476132968ed8787d86397de6e828217032bd18ca0
297	docs/technical_spec_297.md	525	3949d30091dc526f25d7cd67693d7eccab3f8073f3e2e6e273a559c705f919f3
298	docs/technical_spec_298.md	525	d3390c56359cc408b08171201a33a1a7e076fd39fc613ad00bc37be5badd1435
299	docs/technical_spec_299.md	525	42b7a931b0021b08c67741f9bd50a343578310888ca98d769dbd7dd5555550f6
