rank,address,balance_satoshi,balance_btc
1,1FeexV6bAHb8ybZjqQMjJrcCrHGW9sb6uF,7995726868453,79957.26868453
2,1LdRcdxfbSnmCYYNdeYpUnztiYzVfBEQeC,5388006663434,53880.06663434
3,1AC4fMwgY8j9onSbXEWeH6Zan8QGMSdmtA,5183040191776,51830.40191776
4,1LruNZjwamWJXThX2Y8C2d47QqhAkkc5os,4400008810264,44000.08810264
5,3LQUu4v9z6KNch71j7kbj8GPeAGUo1FW6a,3792707834862,37927.07834862
6,bc1q7ydrtdn8z62xhslqyqtyt38mm4e2c4h3mxjkug,3600042409301,36000.42409301
7,bc1qx9t2l3pyny2spqpqlye8svce70nppwtaxwdrp4,3164340211077,31643.40211077
8,3FHNBLobJnbCTFTVakh5TXmEneyf5PT61B,3127535266900,31275.352669
9,12ib7dApVFvg82TXKycWBNpN8kFyiAN1dr,3100007643255,31000.07643255
10,12tkqA9xSoowkzoERHMWNKsTey55YEBqkv,2815106011140,28151.0601114
11,1PeizMg76Cf96nUQrYg8xuoZWLQozU5zGW,1941443195091,19414.43195091
12,1F34duy2eeMz5mSrvFepVzy7Y1rBsnAyWC,1077053634801,10770.53634801
13,bc1qm34lsc65zpw79lxes69zkqmk6ee3ewf0j77s3h,993363148420,9933.6314842
14,1HLvaTs3zR3oev9ya7Pzp3GB9Gqfg6XYJT,926001680364,9260.01680364
15,167ZWTT8n6s4ya8cGjqNNQjDwDGY31vmHg,899900686948,8999.00686948
16,198aMn6ZYAczwrE5NvNTUMyJ5qkfy4g3Hi,800000938691,8000.00938691
17,15Z5YJaaNSxeynvr6uW6jQZLwq3n1Hu6RX,794106725085,7941.06725085
18,1DzjE3ANaKLasY2n6e5ToJ4CQCXrvDvwsf,700000538287,7000.00538287
19,1FJuzzQFVMbiMGw6JtcXefdD64amy7mSCF,699900389443,6999.00389443
20,1AYLzYN7SGu5FQLBTADBzqKm4b6Udt6Bw6,651196170002,6511.96170002
21,1ARWCREnmdKyHgNg2c9qih8UzRr4MMQEQS,500001986155,5000.01986155
22,16Jka2DrvEGGJ6ks2kXRpxmQZLQmAFRoGk,500000203131,5000.00203131
23,12ytiN9oWQTRGb6JjZiaoWMAvF9nPWdGX1,500000120471,5000.00120471
24,18Hp8j2JMvwtPs1eqNaYEEVvuFpjQJRFVY,433300249604,4333.00249604
25,16eb495TbiCRbRbZv4WBdaUvNGxUYJ4jed,432233201106,4322.33201106
26,1ALXLVNj7yKRU2Yki3K3yQGB5TBPof7jyo,400000210193,4000.00210193
27,1LwBdypLh3WPawK1WUqGZXgs4V8neHHqb7,400000186446,4000.00186446
28,18hFBPU81kC8V4Dp4iwdwQHakKa5TW2ZkJ,382394092346,3823.94092346
29,18eY9oWL2mkXCL1VVwPme2NMmAVhX6EfyM,370000726971,3700.00726971
30,1FvUkW8thcqG6HP7gAvAjcR52fR7CYodBx,335000169605,3350.00169605
31,1Gn1GzVa88T1X3fdhejyq6jrZs43T24xW6,324880166730,3248.8016673
32,1PTYXwamXXgQoAhDbmUf98rY2Pg1pYXhin,323317184840,3233.1718484
33,16oKJMcUZkDbq2tXDr9Fm2HwgBAkJPquyU,321452497350,3214.5249735
34,19HhmfxGsznL8K7wXjZiFnhqddQucgfZzB,300000367231,3000.00367231
35,15DtovKcGFiAJmyVfbjvCXHyjtyoZhyyj4,300000167753,3000.00167753
36,1ArZGb5V24gAgN51FeQknobi6kNyGx739r,300000167700,3000.001677
37,1JjMoB212ctAiuDvURyWhs813yY4c75cap,300000158218,3000.00158218
38,1FDVbVJYKkWPFcJEzCxi99vpKTYxEY3zdj,300000157330,3000.0015733
39,13dSnmhFeX3qqbsi4thXXad4ggTh6VCESG,200000541441,2000.00541441
40,16w8WZ8Ub1Whk6SP4cw4op5cgyRVsb77T8,200000224447,2000.00224447
41,16y2tVCgnwGM6c3kPPuQDJrSadQqcddUm6,200000220887,2000.00220887
42,18KHS8ndbKJ1iEtTxv44Ree3Fs7oCURg83,200000219001,2000.00219001
43,1MVnvVoAmkhPiRg5FXew8gWNRWVTLmUKXL,200000216857,2000.00216857
44,13RwLs69Y7xPrTM5E2aa9RxiDSyeX6jEyw,200000115790,2000.0011579
45,16maYEFESxYegRrDrm8AzmhYtGdHwHnvnx,199999944917,1999.99944917
46,1HDNfSr5ExyGfe77GX681PPZtN2deoewfd,166241793227,1662.41793227
47,15H9kPoYYM6DLYxjGG9irXtgGcujppgn1w,137074837374,1370.74837374
48,1nJ39zzTMJCygGxw3PZXKydSk7mNnC7SQ,100000344068,1000.00344068
49,16g2TW2hbFoov3DThSRBdnETaS94bFvq5v,100000192116,1000.00192116
50,12zgpEbXRs9JzXRckvdkQFfu99jn521Dfi,100000124692,1000.00124692
51,16TkpJm34XjeVdZZckTWAn1dqYbX5v7K4a,100000085239,1000.00085239
52,13aNpzpiRe2VfupbroMWv68Q2VbJrnWdXP,100000085239,1000.00085239
53,16hr6GDzWvBrkhSg5337jTrUnrs7Z9GdS9,100000085239,1000.00085239
54,14WWrJMGPo43mAoLXoH53pREAEUAFFW66T,100000079165,1000.00079165
55,1uU9y4LSM3vKrD4R2iQqhMa1kW6d3kKUk,100000072894,1000.00072894
56,12dvRka7H1AydknnwqdsX9trXHbNZFzE57,100000067630,1000.0006763
57,14xWSU6vrV7H285PR96pGtvqg6XLfycSt4,100000066933,1000.00066933
58,14SvnRSkHckB4NCFSNETgs7wbbwx2iN2HU,100000065839,1000.00065839
59,17pE1V6ZgNyPwsYtXaR1tJuZvvtcry8ukt,100000065786,1000.00065786
60,17FPdPcc86QEfqoVuSBoc6khJDqS9qZUFw,100000065786,1000.00065786
61,12iPz6KzKGX1UyodPsvKeigbsAkpGKKPNW,100000065786,1000.00065786
62,1QFET85uxFHhud5T8RVYp8hzCbdfYHvz6x,100000065786,1000.00065786
63,13nrX5r86ohQKRLKaxQVvc7qJWVLfoFJ35,100000065292,1000.00065292
64,13N2qrZj54B8HrhKR65aneA3Cj2AE8XE7G,100000065292,1000.00065292
65,13XyAhrj45wSCJPwzutin3gjX1T2JLnh3t,100000065292,1000.00065292
66,17u63RjSg5cvfzYhWQUusJ4Pj3JQkC79Bf,100000065239,1000.00065239
67,15LMDu1BdXe4hWuqv4XQtUoTczh1d16en6,100000065239,1000.00065239
68,16PAdwKR79mR24PqunHUkTjzw5hxTWMjQc,100000065239,1000.00065239
69,15cq9ht4HkJSmgwDKneftyxwuYGvnBrKJi,100000064692,1000.00064692
70,17tEH87i9gpoFYbs88z2PoabpNYChMfs1P,100000064692,1000.00064692
71,1PyfQYtsPnGd6ohu1HVHnT2HigCicF7Acp,100000064692,1000.00064692
72,1khKqY1WeuaFqzq4spQnN2fYMNNuMtmxj,100000064692,1000.00064692
73,12qHoC3iB7mRaMF1zZcoTPS3mqKbUe4qnk,100000064692,1000.00064692
74,16D68ce8dDRqospW425DAD4LizRXv7rC7u,100000064692,1000.00064692
75,16GJ3zu1p6Ps59wRLGWPTUXFnbyBXdwkCv,100000064692,1000.00064692
76,113Z8q6zh4vG1zp4Z845mPviuTLcyThAbp,100000064639,1000.00064639
77,14Eo7CebKpMeiobNVdnahbpEWtbriiYoTA,100000064092,1000.00064092
78,14FyNCw65L3ugW3LaWKv4FUK64ZWyzPNNM,100000059423,1000.00059423
79,3Jm1xenEzSXufMrmyuKdap43hz4skYEC6u,100000045554,1000.00045554
80,3PyRWFMLSPDunU6TsMkKs39ikwDpk8LxzG,100000015987,1000.00015987
81,16NZmkXCToQ99zvTwibaFK9PWYF8RhTZf8,100000013189,1000.00013189
82,168w95Wf8tphgM7DPREXr8zLnVoE2wJCAN,100000012345,1000.00012345
83,15JZnwq2NqSNtMPbBhdQddbyimay4xvGyA,100000012345,1000.00012345
84,161kViPB1QTxid9rHXCbQDFvS72Mgfc4y7,100000012344,1000.00012344
85,15YEfnK5PpBWkBuNPYYFTeXLXRtyqsC9DH,100000012342,1000.00012342
86,1QL6KoM1uWtTEwQ7vJXY7J3Bpg5mMEzEag,100000012342,1000.00012342
87,175Vm3p3LWtJJdN5mSpv7RQWhx8tqUZzB5,100000012342,1000.00012342
88,14GHoKsHEfR618VFoz9ahLwzxcGkNEka3q,100000012342,1000.00012342
89,1Wog45X48gF5wm6Dtfem8WAQGH3X74p88,100000011967,1000.00011967
90,1S2PWYeAEhNnpjizaAmrssfLi8Zfroxg4,100000011798,1000.00011798
91,1513Qr2KAM88LY2FSCq5JCJyd4LorUYtgM,100000011798,1000.00011798
92,13Foa8niJE2nHugJ28HYBUfx9Ww4QfS1pU,100000011798,1000.00011798
93,17diY4cG7W1o16Q2Jy1MFJ7PVPLjJQ38Gi,100000011798,1000.00011798
94,159cyC5eTgy2SqNGnKipJdg53TDMae33eF,100000011375,1000.00011375
95,16pMWunTk5ayjPk91cc5ghp2DtygSmVosb,100000011251,1000.00011251
96,16EjMe6ufEzpGgDryRJni4XXe8fzaZHiVV,100000011251,1000.00011251
97,12mGByfmJH16c5hQApi4N2eHJKfKrrf1fm,100000011251,1000.00011251
98,1QAbhtkLCaNFFfGagPiqCMZecupKjZBBbh,100000011251,1000.00011251
99,131gJ5QEpk74NdQKZC4FHW9q9N4htvdvUM,100000011251,1000.00011251
100,17GURBUGs1WZN3DtqCDLeBFvznbBgQbAPm,100000011251,1000.00011251
101,17Mbft2v8x2MXyFaQQAJFUFsEaNS2hx8Nj,100000011251,1000.00011251
102,17gBJdE7xd8Xs7UwotuAb8EbGbPy9TvfHK,100000011251,1000.00011251
103,16fKLByWc6dWY9tPPvY1SsajYsgDfsmwf9,100000011251,1000.00011251
104,1QHDQi1PVaNNn7oZZAWAZCiqRmQWouv1ey,100000011198,1000.00011198
105,13vze7Q5jv3LRzDk6Q1gPSu3nweESEZdf6,100000010990,1000.0001099
106,16ULF9orVaZS44baJTXN1ev16FnRUSpJGS,100000010990,1000.0001099
107,175zrR3z4PB3ug4YFBrk83tiCgbtfFGusm,100000010704,1000.00010704
108,1y75TUkBQjVmg7C2GRA6rNX5V7b5Xhd7s,100000010704,1000.00010704
109,14K8D813nMR64UMbJwf7fewNdT8SCFhgep,100000009349,1000.00009349
110,165vm3yMjE5ndARKnx6Mpev2V6YrkDXWpk,100000009349,1000.00009349
111,15bSWi83qj3U6oVRVWnP2wsi952PxzPMAB,100000009349,1000.00009349
112,16wNv4jDWLa7CcM83GT1BvUNQKuU791bmD,100000009349,1000.00009349
113,12KZaPyqRKFwLk7oZ7opKoG34D7dDVepei,100000009349,1000.00009349
114,18G9aLZErQJhcKHD12ufmkLWrvGFHx4BqN,100000009349,1000.00009349
115,17TWkx6PHZL3EML1Pc7wnp7nNERqisaU4E,100000009349,1000.00009349
116,15kKNi3X1iqf7KvjRto6U8ThuybCteJWfr,100000009349,1000.00009349
117,16m7L6UUTxDDtnYdcQDZaePtFLdz3maw3y,100000008802,1000.00008802
118,12PxBAuwqJZ52KhxuTtxyURQBAbo3kVKV7,100000008802,1000.00008802
119,16RYY5Z5gM423MRQZZ8QTcxmfNTmtoWho3,100000008749,1000.00008749
120,14fJX3SnfzR5CmkNHtgryYMH1T8p3XGFu8,100000008749,1000.00008749
121,1CLxmHRhoi9VpSj5QihqPEdbhLL8E1oeUZ,90000138671,900.00138671
122,1FWQiwK27EnGXb6BiBMRLJvunJQZZPMcGd,69948787980,699.4878798
123,bc1q7cyrfmck2ffu2ud3rn5l5a8yv6f0chkp0zpemf,61437240432,614.37240432
124,1PUfK6ecmFiV1sf7TppFfdCsTZw6PyK8Xu,44000125946,440.00125946
125,1M1RdciqSA93SAtPHbXXoLU7FfmiAKRrRZ,40381111146,403.81111146
126,19aqdmiBCrDzJDRPcqwj3mxLjhHbcfjkJf,10937968614,109.37968614
127,12c6DSiU4Rq3P4ZxziKxzrL5LmMBrzjrJX,5135273240,51.3527324
128,1ABJ9yrgfhbeLjeZXQJz5tmzEBaDLaHvvV,4524117721,45.24117721
129,15MZubhFdedydbqTLKCry1JyHvf2AxJ4fC,4464087929,44.64087929
130,1KtBJTggjijy4EEW85RqnVifyeCxGEBjtF,4428721895,44.28721895
131,1L8uf478fT4Af7Y3oc5T2L6w9wUgYwacWM,3999636874,39.99636874
132,1KHWvpzSvmi2k6g4iwtpDjutmT6sRrMKCT,2825678923,28.25678923
133,1Ku6BVnRDuwcSyssUBkJBVVWoUGDWudC6p,2555448494,25.55448494
134,1ETEhyZ7WZEUHLZVWY4jbmKTKu9fYGjhjB,2052909555,20.52909555
135,1BZL7tBKNKuaVS8c7qUmQeGTXADWXPLZ3Z,1410285374,14.10285374
136,1HX84Faq1Tj27M8A8wX8m1pyTcH6oUy4F4,1361915914,13.61915914
137,163Zpu4J59UVYEbRS38brGCk247KxhaaWW,893055158,8.93055158
138,13M1Vgu3r9q3mm49yDwsgm2fgFCdzG3zqG,849995900,8.499959
139,1CK6KHY6MHgYvmRQ4PAafKYDrg1ejbH1cE,633371312,6.33371312
140,1P5CMhCfXrVeAqoPrwRZ6q4pWJ7zaVUMJz,552516810,5.5251681
141,1MV9ScRqeu75Un1Sr3sZ8R7oSM31XVsKo5,542564624,5.42564624
142,1LteRU5x7vE4RvP2MqoDaDfQZxmByUebn1,293777734,2.93777734
143,17Ba9dJdRLkAfmZKgHaCwnwAmgLMTLvnAE,277967758,2.77967758
144,1DbvzqXPhiZNXjQiiRxvp33pnmqGjyy2yo,205000001,2.05000001
145,1FqEh5cGu7xW4iTsMA5r8d63KSvNVfmZiv,183617523,1.83617523
146,1F5qvzDA1esnc2aoSDR431ruia9YfRHTwR,179161693,1.79161693
147,16Le1fruYukHoeTPLuaaJLTAB2dwmVw9pg,177680803,1.77680803
148,1Bc5FLFqUVhvzTtwsTSwcVNmdxHyhdbcH6,172024030,1.7202403
149,1LccVnKuSmAPcT78Gubs7XVHhkeq6bbiTn,160492460,1.6049246
150,1MRw9tg72Vh8EitdSmSxfZXbRtwRnuur8,147254435,1.47254435
151,1ArycueEePARCjnVdA3pk4rXJB5XBPEg5X,139356925,1.39356925
152,16mvGPp78Np7vsCPjiWeHSDJzMMY8wohp7,137710585,1.37710585
153,1HCSeBG1MdhPm1MQRXH1WySTkYrEvKSnZd,116518686,1.16518686
154,1L9hbRcnPRiZCVrHJawCTW4kiVYUcN1LU7,116247828,1.16247828
155,1FLUGDqvviW4jWTsQfQ6rZt41RNvNMKWmc,115502405,1.15502405
156,1MCG8dJRZpPPZ2Po7jxXLYZnDUSBZKryx3,100157905,1.00157905
157,1KA8Yd5ASios8iM5bCob248gV3X2qRUEyk,98329844,0.98329844
158,1T6k7HwyP1bwvAXeej6C3b3brnKbynJxy,97111054,0.97111054
159,15DteJ9ohG1en82Vhf2u4LBSQUemWBpoBw,80391898,0.80391898
160,1GMHFY7zJU2UnmfgHpJYA1pbnHxyePb7f3,78450088,0.78450088
161,12KnQebtoCVfpu5AR1arW8ZtoNp8RFmrLR,77622850,0.7762285
162,12cek7EnzHeFRwdeXxpKCYJRiYsXi7NzqH,76553276,0.76553276
163,113aNq2MZDE2HFKsUe7uXLNrfnF5iSHQug,72440347,0.72440347
164,12jcDRKJidEiLZKQ9k2HcwwDfTYNJE8unv,71759600,0.717596
165,1DJRRU1ZDywkcH2JLSHouVTrMUUame4jmB,60855098,0.60855098
166,1LiZ2DwErJpAQoHVHhZYkxSUgpoAGn7vkd,47995380,0.4799538
167,122Y4ZA5ZHaExzrcrtmEaGKN9nb927Z4Lm,40230941,0.40230941
168,1848h4ZDtGribsVgwCNVMv9RK6AjRfjxMM,38763533,0.38763533
169,1NxF7jssRjcyJTuqkURqyU6fwUf5XePNEP,36457862,0.36457862
170,13px8Txjq6Nt5t1zSJDzKqpnoGnJberQE9,28194277,0.28194277
171,191B9XHqJvYskdnSY8JJA4WqtD2UocRC63,26514867,0.26514867
172,1MuYkciQTfRsU94ReAe5MiAfUpCrbLBcFR,23385576,0.23385576
173,12qhJC64mQhw6PuoksGTwYoznon9oEnG8D,23124180,0.2312418
174,18aF3tyVN6Bd4WZsdqpGbMSr8JdvXBVes5,21941105,0.21941105
175,1BqrpitdXxVFr35KEFh3eGEN1Um6H3GrtJ,20889956,0.20889956
176,1oLDbREww1bBjYr6bYYsWPYt5aGfU9s9N,17952286,0.17952286
177,13RnqhmFWfMCPE6K5ho7EqXHFskB7sQfhz,17348532,0.17348532
178,3Mn1wEMqyRKgztQVuxJBNBchW1DhbzmQh1,15387131,0.15387131
179,1FpqQnKQCgDkJFMC94JL8FpRyHTZ3uRVZ1,10936468,0.10936468
180,1NDyJtNTjmwk5xPNhjgAMu4HDHigtobu1s,9148088,0.09148088
181,1Ku3kU8wrT2ZeM1GLx7aZYZcADYDeVuoA5,8073843,0.08073843
182,1JECiNLRQT4uSzXV35js2o596W7nqPF7oM,7405546,0.07405546
183,18aH7X4SQ3LKxmAbMZqDWjuQSVykTkTsV9,7242819,0.07242819
184,197H1tEeKYFM7eYjMvtwjQAWBgMR2FBqTc,2767932,0.02767932
185,159QgP4Ewvadjc4HDpaaR6pir2R4ZfzVfQ,2202750,0.0220275
186,1299FyEzJoPZbaKJUnpAVKNzwKPMUADAzu,1951000,0.01951
187,1BPpZwR9bRexQC3NVxPbfvEqxzzNznh86y,1349977,0.01349977
188,1Fx3N5iFPDQxUKhhmDJqCMmi3U8Y7gSncx,1000000,0.01
189,19ere2oJzJh81A5Q64SExDZYz54RvWHqZz,994463,0.00994463
190,1KwiztHT2ZkL9DLRYqK5Jpk9mPqGmMbKeB,383206,0.00383206
191,3LCGsSmfr24demGvriN4e3ft8wEcDuHFqh,276325,0.00276325
192,1GD8Qh7ebmvdaB8Ampcq8qZqNPr78nzjSP,191338,0.00191338
193,3MVGXbkwBFUJBY5MfeFnU7JonAhQXSZHuz,189510,0.0018951
194,19a14GZW22rqri82pcCD84BmPQP2BC7Dh9,164500,0.001645
195,13uraL1Maba7obbhkdB4pjsqMyvqrcTeeD,160568,0.00160568
196,19QDGMRKdZ9BpDZP2Re6yaDqNQ7zN4wo1D,151000,0.00151
197,1Pa9Tytkq6aj7APgedvqYDgfLKY9qBxMPn,151000,0.00151
198,1kmGdkFoLatLh92EBBLkVPNT4sKbc3ryq,147690,0.0014769
199,1Ea7HC4vLpUEtpZppYqjMekYVPSpDgdZ7,144500,0.001445
200,1M4pLzLhN4ix44jaoJpjiTYV58oRgUf675,141000,0.00141
201,16hL9BVUgjATSHPU72MpD4E38JhqxDuFnn,134500,0.001345
202,12fZ2HxkLjG9zn1u44XYsFFYKHM4A2zCea,120407,0.00120407
203,1NPjX9tLgP5fdrhyzAjgPro8CvSSRpk57C,120000,0.0012
204,1933phfhK3ZgFQNLGSDXvqCn32k2buXY8a,118280,0.0011828
205,1JtpgqCf3SSeCeYWEDJjkfYFH7Ruhy4Vp1,111486,0.00111486
206,1DgzSGFprGG4CcxdZPHeidSG7TKbgrATYx,111002,0.00111002
207,145YHsQU7HMzkRnD5SBSuFAzQgCYnAnLkN,110301,0.00110301
208,1FSGpYLfoRBQjjdqLJoMyiA4nCVHfLokQd,100001,0.00100001
209,1LAbQ5492wSLxRc2jiFgi2ZgoqRgUG8gHa,100000,0.001
210,1Le6MkiTvkorvC1JwYXzQUSfqA3ebzGW7N,93950,0.0009395
211,13nAJw8jw7BiYKLnad9YGdPxybK9mgPkM6,92831,0.00092831
212,1Du2jAQsBQnkkVZkN4oqC46tS78k7WMkVq,91362,0.00091362
213,1FfdcppWbJ7FeQFznsjdLYNXdwMdoiTGSA,86724,0.00086724
214,18E3AWaadnUPQ1aMpfEoyTXN49NYAZzbpD,82504,0.00082504
215,17nmFFPSANbPGgdtoEEuc6xbHoaP1n6ZBb,82504,0.00082504
216,14nzbWNMPjmvwy96uuFVXtj6VgChJtHvU9,81957,0.00081957
217,13QxkdrhfeQ6aCF4TBWg8knQGBmiwL2rpV,81957,0.00081957
218,1315LzDFcBLDBKgVAr4ZhCkcT5GXivpiuj,81357,0.00081357
219,bc1q5pucatprjrqltdp58f92mhqkfuvwpa43vhsjwpxlryude0plzyhqjkqazp,76882,0.00076882
220,1AXmu2pGHuS67v1BrmRo1MAapFbbJo9QUw,76600,0.000766
221,14E4jGTvz1Jfbv4bzkDtieTzYA66x9J7GF,66600,0.000666
222,1PLADopScsAUwtBkL68zNKKT61bQhbsQSa,62535,0.00062535
223,1EyArywoLEhFto6uKWMxA9QKXJWLTNghsz,62401,0.00062401
224,1P9xNaECSD8oR7mn18tB4DiSQ3Zf52vuVx,61213,0.00061213
225,1731hccvVi421tvaLJS8Tx93JicSggbT3p,54846,0.00054846
226,1MYA4KGKLttjKWyAHem2YLygU4ceu97FPq,50000,0.0005
227,1KbrSKrT3GeEruTuuYYUSQ35JwKbrAWJYm,42616,0.00042616
228,1BADznNF3W1gi47R65MQs754KB7zTaGuYZ,30000,0.0003
229,1CPaziTqeEixPoSFtJxu74uDGbpEAotZom,29368,0.00029368
230,16cou7Ht6WjTzuFyDBnht9hmvXytg6XdVT,22660,0.0002266
231,19dENFt4wVwos6xtgwStA6n8bbA57WCS58,20000,0.0002
232,1BAFWQhH9pNkz3mZDQ1tWrtKkSHVCkc3fV,19197,0.00019197
233,1f1miYFQWTzdLiCBxtHHnNiW7WAWPUccr,17289,0.00017289
234,15MZvKjqeNz4AVz2QrHumQcRJq2JVHjFUz,16984,0.00016984
235,1P1iThxBH542Gmk1kZNXyji4E4iwpvSbrt,16433,0.00016433
236,14YK4mzJGo5NKkNnmVJeuEAQftLt795Gec,15743,0.00015743
237,15YMdTNT83UJqfpaZfDccy9yBYQFxHxVFt,14760,0.0001476
238,17etv2L3nhk6SCcWSNW4eoZkBy84izAm17,14149,0.00014149
239,16jZZkMYqjUWUtQ9DfDvHdH5ko5BcnH9XQ,13602,0.00013602
240,17Tf4bVQaCzwWrDWGRPC97RLCHnU4LY8Qr,13602,0.00013602
241,18M1Z337NqLtK9V69bssnQUYsvb7hmfSFS,13602,0.00013602
242,16w6sZBDP58yyeyZAcvnxcEGJpwR9amM6g,13602,0.00013602
243,1ucXXZQSEf4zny2HRwAQKtVpkLPTUKRtt,13559,0.00013559
244,12T4oSNd4t9ty9fodgNd47TWhK35pAxDYN,13055,0.00013055
245,15kNZcrhxeFZgVVLK2Yjzd69tRidbFdJEZ,13055,0.00013055
246,15QcKCa84ZCHxbsqXDoKhi5XbmQB8jPEAd,13055,0.00013055
247,13dXFMyG22EsUsvaWhCqUo7SXuX7rBPog6,13055,0.00013055
248,13Wv5hGhubAWgSPWtXYh6s1s7HX2N1psYg,13055,0.00013055
249,13xGCc4TPSYY9GYxBGVNox82KxyjkFnxMX,13055,0.00013055
250,13sXfpp2V16nnxYvW9FHHoBdMa3k98uJw8,13055,0.00013055
251,156HpsWfgkWYLT63uhTAGUSUF3ZMnB9WWj,13055,0.00013055
252,15U4VsmWG1cdXAtizvQsW4r7iMxzp64Tgu,13055,0.00013055
253,14mP6caC5dFhHdVAPCjPKM8Nm36MBDR5pM,12508,0.00012508
254,15SeCwVCFx5cWyrcdD1Zp1D1zxjH2SELPg,12508,0.00012508
255,14USZ558Rr28AZwdJQyciSQkN4JT1cEoj2,12508,0.00012508
256,325QCgb5ffSUvQCVWcFC8uUUhdS5XhkQkd,12051,0.00012051
257,12KkeeRkiNS13GMbg7zos9KRn9ggvZtZgx,11961,0.00011961
258,12yEYfcSsMfDwMehRcKcSuSrQBPCKcMVUc,11899,0.00011899
259,14p4w3TRCd6NMRSnzTmgdvQhNnbrAmzXmy,11841,0.00011841
260,3HPd1rGzUxteY4uNfGmQ8m5NNEnX7ifznp,11801,0.00011801
261,3AJLn9PXp9qhxLyN4d69WutdE614FmxG3h,11801,0.00011801
262,35AqwAcL7uGqVRC2xfixpunUfA1QLBiPT9,11801,0.00011801
263,39TDhgfAg4oRXo1TLfEb5yZBN45hBKVYja,11801,0.00011801
264,3DmCnE6R8MCYTw3yFp7HpWPgHSNdbH2unJ,11504,0.00011504
265,12bGpTNZp3PTeiJSnCFuSzP2EfnvWMatF6,11454,0.00011454
266,14KYPZVWh7PJ7P6qZBnWFmgvd7KZGkBZGt,11451,0.00011451
267,18PWyzecS4QyT4SVHfA9f5w8Pf8UR3UN1K,11294,0.00011294
268,13TmUVkhp3shQxh1SaqwHS8vDtCRQa4CDv,11001,0.00011001
269,1BQg7VnGbZubSXZf7CYtJyzmzrLb89bNCJ,11000,0.00011
270,12mrdg2fk87Jmpaoh6dYUd2C2jsoAjYZDn,11000,0.00011
271,1DY5mnjeoZnW8eKesVTB5QcJeSoMn2ayN8,11000,0.00011
272,1FrtkNXastDoMAaorowys27AKQERxgmZjY,11000,0.00011
273,18cuc8LeptuYSCnCV7mTWkbWfviafWzgs7,11000,0.00011
274,1FgmSdxZjAwWDoTwy235fHk7XY1Ea7neyF,11000,0.00011
275,17QVYyUMgWzZaTBHgXeA5hM5tnWHXtEmnQ,10957,0.00010957
276,16uop5eC7t81U46JjtNawaarjVhdgBfbM2,10904,0.00010904
277,14D874YTSF12U1hYwFaLzJ3PUqwLcLfxxm,10904,0.00010904
278,1827Ha8gqzfBKZfMFs1uMYnAAwqjwqSQJo,10904,0.00010904
279,12PngoVgCLD2AzzHEKWX5dzH8xNtr29JfB,10810,0.0001081
280,1mFwvE389NhZLe7TUKMA77qVcPNLzFUVd,10360,0.0001036
281,16ejCxMd4iz7UgGPU6jQP5rFbvSunJueJ3,10360,0.0001036
282,13xUA4QFq7wXAfpXL8jYEwJYmiDMmiMzDx,10360,0.0001036
283,16SN3ifXtPLdX5Rr1eXxBs2kr9cCVGVbPD,10360,0.0001036
284,15gzWMVtGqc26KiwmZW4F6UHgsF4KQhE4d,10360,0.0001036
285,122HCxHuCV4fdh9wH9ccB1BaSe2uQDTW7d,10360,0.0001036
286,12HQsSH5JXKphCyDhHG56s4hnLysX7qans,10357,0.00010357
287,14q8mh9RVGnMw6mPCQRfgGQJ6vXmyDUwaQ,10256,0.00010256
288,18XSK8h1avwT2J1gvP7tUvH7ncVwq5RUD5,10000,0.0001
289,1CyPTez73fVn7KwXPCu3Li15e78eag1aMY,10000,0.0001
290,1G5tLb4tTGwRTvr7hS2HFsxSRLFrRxS8rC,10000,0.0001
291,16H2Fe9MgxZ1jXW3TaXbgWh3SJfwyxQUTp,9828,9.828e-05
292,17RmGC3i2dASQai3mP9iJLX3ZD9TBm2YQV,9828,9.828e-05
293,12EMDoUhaNCuWZeeT6ey61AkjKyzmjV2m3,9813,9.813e-05
294,14Sdez3ZFMc4bFS4eezfc6DWo7T8mkHdFt,9813,9.813e-05
295,14PC55j5h7yT7bzXzAu4Tcco5JfGdWJMtR,9813,9.813e-05
296,16Z6hLdk5GrHT7EQDPGdme3QtzbU4XtV24,9813,9.813e-05
297,13CPuESGA1mA2RY7dvTmVkLZtHQv484K73,9760,9.76e-05
298,12kT8drxKAegK3zcvUUNjmXGWJ3czBUJ5S,9712,9.712e-05
299,16p2PgmrTPbUNzsZoSFBrW7PFyNny3P7xj,9316,9.316e-05
300,14kW9snYcTgf4x4JcFX5XP43f4G7WXLzjR,9316,9.316e-05
301,12US3aeNibsxe7Lhascm4AmvGiTxwSdD4X,9282,9.282e-05
302,16a67n5cJ4MRhLksUEGC13BC67j9rPgWW9,9281,9.281e-05
303,14i17MhFsLsfqJ9zo3fX2v5gaN6YogVFEB,9144,9.144e-05
304,16nFQiPUFeUoyBpm5uZjA5A7oytjxdPPFY,8803,8.803e-05
305,16Ryg5mxg63HPrqfGVJRV84j4wkMASJyDG,8256,8.256e-05
306,142Lb1b4Sog5ZWRgjBFs1VWdgf566EuEhY,8222,8.222e-05
307,15QFkJUWFZ6QRpTrzUitH2Egyf1JTngVgV,8190,8.19e-05
308,3HdieJJ1onnMEix7F3P5z2wFukogzj3mNJ,8170,8.17e-05
309,15G3BnanKhpqBYq98CRsHzkq1frPd6mdho,7623,7.623e-05
310,3BWmF6R8fdT5D5ANBvzpEwpnHietYUE4Jh,7128,7.128e-05
311,12mJZGPCWf5C2ap2dUdJiuGr8eWAvi6E5M,7098,7.098e-05
312,17J26KSDtNFPAUhCMwjcRNWhneMsXS75Ba,7098,7.098e-05
313,12dUggmXPYsPVHaHr1DoW5J6bb6gvh4yZq,7092,7.092e-05
314,17LbPDL1n96JubyDJFEPdhkpTrC6ueqVNk,7076,7.076e-05
315,17ZZic5gakcW6TdzvoKeJDw6kdjzyCciKs,7076,7.076e-05
316,14JWWAbAEQReeZ6jaAAh6aGj1muVsrF5kA,7076,7.076e-05
317,18PXsJkJaDx4Va7PtrsbnuUfxMkoEDScrV,7075,7.075e-05
318,17wrPELeCMdsvA8BivRvMCQJS4LJMAwUpb,6581,6.581e-05
319,1Q1BEQaw1T2mr7XrPBTBCi3ULp3Qnyiogw,6529,6.529e-05
320,12LVBPdxSJvoDfSzTBK9vAaGoTx8zUVynS,6529,6.529e-05
321,18LcEatDaWfihzXx23yKjn9ChQ5J4Sap9N,6529,6.529e-05
322,18LTVgJQp2U7vYjNaNFtWf6DyLG7gGJx9p,6068,6.068e-05
323,13qyWcCTViKingMqv9U1WfMyagPTLHABtm,6035,6.035e-05
324,1Sfr8bp2Kh3VahDqvXPXSf28JyLz47aQY,5929,5.929e-05
325,17RGPz52tiiD3tr3MJipXgKx6AyktLwNq,5821,5.821e-05
326,16pboBtoYWHK1JHygpjhNeT4LTBohfs1QV,5719,5.719e-05
327,178V3Ay58FB2RkFiSEU1qBfxnReLihHonZ,5521,5.521e-05
328,1Q1SNLVNLbipKcNR412GEaggjyZmD9yfqE,5434,5.434e-05
329,1Q6QiAsrtuxGer1jhvQDF7VQQCxH5A3znX,4974,4.974e-05
330,15u3QmGMbHHPReBSqWR4wKfyubxqvbALhj,4974,4.974e-05
331,33bJ1o2iXkiKGvEqgybyQXHSioLgf1NE5V,4948,4.948e-05
332,359gzyFdBo1gsfRMdbuMGuZu9CWphrpcMv,4948,4.948e-05
333,1E6mijNx2xKzRt6KXiqZncUmybgYN4cn2X,4783,4.783e-05
334,bc1qxv55wuzz4qsfgss3uq2zwg5y88d7qv5hg67d2d,4581,4.581e-05
335,177wWUnrvpTkAcvsiSBiJ3D7Ea9Amsaow2,4394,4.394e-05
336,1upRWSCmwZyuM3r5TdQTWdLTCBC68sTvq,4394,4.394e-05
337,13fJPN9VjhFET5zqznYNgcKRseaSeLDKEM,4394,4.394e-05
338,14StsDZkAPpKFacmGxD5Z5dhZxH5DGdTUs,4374,4.374e-05
339,15GP6FYZvwKZxKKMic3g1ND9iKQ8mfYosh,4294,4.294e-05
340,16Bxtmvt7UhFYqLz7TGXHLWEdDiAtpRmts,3880,3.88e-05
341,1QE7NSWq89XTVam6p2cqB7jGGBTKpzQQba,3794,3.794e-05
342,1GH9NEdGQCDRWnFkiF4DKehF9hWU4xNFph,3706,3.706e-05
343,3AdpZcSbLrfVVRYRHeL7vdJ1EaeTGgEyWC,3682,3.682e-05
344,3FJMwGrkrQ7xR63bKrJgP7ZzYBQbGxbcGP,3333,3.333e-05
345,17tkyruCjc6j7yeQ2YrCgtuPsCLB5wiNaP,3333,3.333e-05
346,3LMm1j95GZdWKHxkozoFsk3MZmaTzdUnc9,3333,3.333e-05
347,3Q2jqbjMJ7AuEi12ti6EFPkEtbDWnVxjp2,3246,3.246e-05
348,18Lgkg6pUSSKTXjwUz1vrkVKB9VxzxDURn,3246,3.246e-05
349,34LU8KGeKa8dPjY6qwBxn5XdWruPEARWwB,3246,3.246e-05
350,36QaLKVwPbnmVCzSzydwEgLF9uNv9SZbLK,3246,3.246e-05
351,12XBTa1xNK1kpbDZTibBEM5bckv9BXvSPB,3246,3.246e-05
352,12t2jvuukFwVB34yjjLWKhH32E2yMsDMpZ,3246,3.246e-05
353,18M6csLQq68tgkBZRfaPJp42A67poYiHTf,3194,3.194e-05
354,1F8vR4USnCeiH2y1e54QaL6411TxrQxRDL,2936,2.936e-05
355,3CWSSEQHv7PNSgXYi2L1ZQF47FhJCYKdft,2786,2.786e-05
356,1Co6UHJmGHevWEHAPraSPRVkfGgG46EHwe,2730,2.73e-05
357,1QDP4QN7FX7eXgXgvDRZTvsvHpmBAYP3BQ,2580,2.58e-05
358,39DRp82DNThce8gqg1N2HsrZebqiJaAQLW,2292,2.292e-05
359,34qiifSfn9oTcmPHjJMDa4fEzfKexcqu1g,2239,2.239e-05
360,174Q3ymfx4tsnjQWSfAs8e2gjokaSyKbZJ,2239,2.239e-05
361,1MsYcBU7c8tRztb1B1fGES2s1WJsiFGt4s,1934,1.934e-05
362,1JWmr5Y1CiYkqhE7qTWo74W1TGzHf6uDah,1747,1.747e-05
363,3NvVPPg6hUzGFcm9par6Aj1dbhJ8o8M49E,1692,1.692e-05
364,14zukxqLuLXg5kqZYRB1Q3Audec3NtxJPW,1640,1.64e-05
365,1LDWDufjU5ATbozDZY3uChb7oPAbDaiB7K,1224,1.224e-05
366,13oyDhmJbSapjZFsr8PgLyoUGMc9YCtwyN,1200,1.2e-05
367,36nqPPBYGDecvwbajvZ911UEdz4N9i3YeQ,1200,1.2e-05
368,12zwycFhcYGcGED6wyFpYoypmyKhoCTgtv,1200,1.2e-05
369,3DQaHBsLRXTtnQuWSHmx8dEJgCiCT7QbUB,1147,1.147e-05
370,12n3s8MCqdZzPnTisYrXagbfw8pJg8y9BW,1094,1.094e-05
371,3NC6Z8sgfnXNwLKiYMY92xtGmTEiGUxZqk,1092,1.092e-05
372,14zdc4Ewvit4iikGURXcTEKjjx5daDRo68,900,9e-06
373,16h17VBS8ZRMSp1QFdNSsj7deWp6oYKget,888,8.88e-06
374,17tQZu19wrmTEQVBjNvyBjpFR13upKvBq6,600,6e-06
375,3F2TWQ47yMQPn9gGBU7eyK2M9xsTjGyDZk,600,6e-06
376,171EGq8LpwaP31WPsACHa4hPqytyfvQ7b2,600,6e-06
377,15e7cJV281Ta2bQhGJH8jNVd8dmyu1wfEB,600,6e-06
378,3BYTpCTWuHCBnJDUVsercfgzW5fivfEpFq,600,6e-06
379,33De9e9Qa8gGDyoXwR2HvBxh9o4fxFJdPo,600,6e-06
380,36mrAeUbPBRv3FDCNeAnfnXbPDoHZdYoke,600,6e-06
381,3Me1aeyVdhq3NsygqAfvdy4bJMeEbHLVnJ,600,6e-06
382,38pn8HzsaZpPzxG5e9Ej7tw1NSoKxpWMKd,600,6e-06
383,32ou22p2hppfVrCEBcVn2gX3M8fyC12WzU,600,6e-06
384,3LszrP4odB5g1RJUewAoPvnDQUBWUC5c1d,600,6e-06
385,3K551mznkL3DudLbCzJPR1cv8F15GgvSkv,600,6e-06
386,14RKFqH45xYPMpW4KQ28RB6XtrZ8XpEM5i,555,5.55e-06
387,15n6boxiQj45oHcmDjtNMjh35sFWZX4PBt,555,5.55e-06
388,1Cus9pZdkckCz23bDAsKMY6aLSQ7CmuHyw,552,5.52e-06
389,14YN9Zsx4H8DXUoK2XfRvjuanfjK1RrkHz,547,5.47e-06
390,15kN4RRGAWapscJjSg1VEKbrWtNf192pwk,547,5.47e-06
391,182p5CrqfDxvonznRyi5AUBwsCkDX8eYMe,547,5.47e-06
392,12o3umcKXzgSU1MU8qvhdTWz7Z3Ty6jSCe,547,5.47e-06
393,bc1q8qg2eazryu9as20k3hveuvz43thp200g7nw7qy,546,5.46e-06
394,bc1qmjpguunz9lc7h6zf533wtjc70ync94ptnrjqmk,546,5.46e-06
395,bc1qyr9dsfyst3epqycghpxshfmgy8qfzadfhp8suk,546,5.46e-06
396,1PaKY6vUZGQqWCrj983n6S7Bx6mkhwu5iP,100,1e-06
397,1FngtAcZsLfK89MNe7TqzyqVtSype8TiVD,13,1.3e-07
398,19Gt9VKmmyMpMHEv6dkf8ddwmwddoSoJ8w,10,1e-07
399,1EpekCfA7UrS5DFcfXvGjGs4pKrW6WtWQz,1,1e-08
