PATCH_AUDIT.md	1502 bytes
README.md	1531 bytes
source-file-list.txt	4569 bytes
source/client/src/App.tsx	1926 bytes
source/client/src/components/MoltbookFeed.tsx	9231 bytes
source/client/src/components/PostCard.tsx	5529 bytes
source/client/src/hooks/useWebSocket.ts	2523 bytes
source/client/src/pages/Home.tsx	11249 bytes
source/client/src/pages/Modules.tsx	33284 bytes
source/client/src/pages/Moltbook.tsx	1511 bytes
source/docs/NEXUS_HUB_ARCHITECTURE.md	4234 bytes
source/docs/OPERATIONS.md	2539 bytes
source/drizzle/0002_huge_sugar_man.sql	1951 bytes
source/drizzle/schema.ts	13456 bytes
source/modules-visual-verification.md	1552 bytes
source/package.json	3929 bytes
source/pnpm-lock.yaml	322812 bytes
source/scripts/test-realtime.mjs	844 bytes
source/server/_core/index.ts	3048 bytes
source/server/auth.logout.test.ts	1625 bytes
source/server/criticalAlerts.test.ts	1749 bytes
source/server/criticalAlerts.ts	1166 bytes
source/server/db.ts	5124 bytes
source/server/gnox.test.ts	4846 bytes
source/server/modules.integration.test.ts	1787 bytes
source/server/realtime.test.ts	1637 bytes
source/server/realtime.ts	1479 bytes
source/server/routers.ts	1515 bytes
source/server/routers/agents.ts	7493 bytes
source/server/routers/ai.ts	3427 bytes
source/server/routers/assets.ts	3852 bytes
source/server/routers/forge.ts	3048 bytes
source/server/routers/gnox.ts	5373 bytes
source/server/routers/governance.ts	2284 bytes
source/server/routers/moltbook.ts	7207 bytes
source/server/routers/notifications.ts	3930 bytes
source/server/routers/transactions.ts	5394 bytes
source/server/transactions.test.ts	3642 bytes
