archive_parts/FileConsolidationandImplementationOverview.zip.part-00	47185920
archive_parts/FileConsolidationandImplementationOverview.zip.part-01	47185920
archive_parts/FileConsolidationandImplementationOverview.zip.part-02	42474331
manifest/MANIFEST_001_299.tsv	23822
manifest/archive_parts.sha256	525
manifest/branch.txt	45
manifest/end_to_end_bundle.sha256	104
manifest/files_available.tsv	0
manifest/manifest.sha256	171
manifest/source_archive.sha256	133
quantum-telemetry-task-end-to-end.zip	9712
reports/IMPORT_SCOPE.md	1186
reports/RECONSTRUCTION.md	464
source/prom-client.d.ts	539
source/scheduled-telemetry-scheduler.ts	4873
source/scheduler_specification.md	766
source/telemetry_audit_report.md	2564
