index	status	relative_path	sha256	size_bytes	note
001	AVAILABLE	archive_parts/FileConsolidationandImplementationOverview.zip.part-00	c24adc7c85199a416523c396b83163a130c0c0e81aa80588b288d25a634ffd52	47185920	arquivo disponível nesta sessão
002	AVAILABLE	archive_parts/FileConsolidationandImplementationOverview.zip.part-01	581a422c9ca98666b130d2473610fad6032e7d6f25b7ed7f68738f3d94f10393	47185920	arquivo disponível nesta sessão
003	AVAILABLE	archive_parts/FileConsolidationandImplementationOverview.zip.part-02	acb22f6991b015b01463f92b1140cda22a7613dc394622a4e76aa518c6f6397b	42474331	arquivo disponível nesta sessão
004	AVAILABLE	manifest/archive_parts.sha256	59ef8b90be5d4c20f149f0ef5c0aeec838634d21249432387a034ce11226a035	525	arquivo disponível nesta sessão
005	AVAILABLE	manifest/branch.txt	dec86d8d69870cac3dcb33fdf0ef3d34ccbb7e24805f9bc18559d500f7a9ac66	45	arquivo disponível nesta sessão
006	AVAILABLE	manifest/files_available.tsv	09a840158ba1a84d6eb54460bda0653033a408d380d96c589b7922602adcf5d3	682	arquivo disponível nesta sessão
007	AVAILABLE	manifest/source_archive.sha256	cec6c570231863a533de1e917bbd9eddb715e6b679207da615649f5191cd4cab	133	arquivo disponível nesta sessão
008	AVAILABLE	reports/IMPORT_SCOPE.md	572c7419defdf3086f5622f8ab9749769a668a48bc2a328d692828b76e403799	1186	arquivo disponível nesta sessão
009	AVAILABLE	reports/RECONSTRUCTION.md	fb547006bb9800917c7e129bfcee072d53adc64db33729db4863df3cde4be251	464	arquivo disponível nesta sessão
010	AVAILABLE	source/prom-client.d.ts	885f3e9949c7dd82fb3cb3cf50d57840adedafcb1f96916a08f71395cd513ac4	539	arquivo disponível nesta sessão
011	AVAILABLE	source/scheduled-telemetry-scheduler.ts	c102b2ea001082bacc569d5e58dbc3b9575e29c6b445721ee4fccbf5418d3f4b	4873	arquivo disponível nesta sessão
012	AVAILABLE	source/scheduler_specification.md	07f17b8f6fca5633bd9be9e87957a58132a89b28a7db185e55b83fb08f59a52c	766	arquivo disponível nesta sessão
013	AVAILABLE	source/telemetry_audit_report.md	c9853d678e7f0d61fc98c35c469595b273c9f3813dd256224591c731849d70b8	2564	arquivo disponível nesta sessão
014	NOT_AVAILABLE				artefato não recuperado nesta sessão; não fabricado
015	NOT_AVAILABLE				artefato não recuperado nesta sessão; não fabricado
016	NOT_AVAILABLE				artefato não recuperado nesta sessão; não fabricado
017	NOT_AVAILABLE				artefato não recuperado nesta sessão; não fabricado
018	NOT_AVAILABLE				artefato não recuperado nesta sessão; não fabricado
019	NOT_AVAILABLE				artefato não recuperado nesta sessão; não fabricado
020	NOT_AVAILABLE				artefato não recuperado nesta sessão; não fabricado
021	NOT_AVAILABLE				artefato não recuperado nesta sessão; não fabricado
022	NOT_AVAILABLE				artefato não recuperado nesta sessão; não fabricado
023	NOT_AVAILABLE				artefato não recuperado nesta sessão; não fabricado
024	NOT_AVAILABLE				artefato não recuperado nesta sessão; não fabricado
025	NOT_AVAILABLE				artefato não recuperado nesta sessão; não fabricado
026	NOT_AVAILABLE				artefato não recuperado nesta sessão; não fabricado
027	NOT_AVAILABLE				artefato não recuperado nesta sessão; não fabricado
028	NOT_AVAILABLE				artefato não recuperado nesta sessão; não fabricado
029	NOT_AVAILABLE				artefato não recuperado nesta sessão; não fabricado
030	NOT_AVAILABLE				artefato não recuperado nesta sessão; não fabricado
031	NOT_AVAILABLE				artefato não recuperado nesta sessão; não fabricado
032	NOT_AVAILABLE				artefato não recuperado nesta sessão; não fabricado
033	NOT_AVAILABLE				artefato não recuperado nesta sessão; não fabricado
034	NOT_AVAILABLE				artefato não recuperado nesta sessão; não fabricado
035	NOT_AVAILABLE				artefato não recuperado nesta sessão; não fabricado
036	NOT_AVAILABLE				artefato não recuperado nesta sessão; não fabricado
037	NOT_AVAILABLE				artefato não recuperado nesta sessão; não fabricado
038	NOT_AVAILABLE				artefato não recuperado nesta sessão; não fabricado
039	NOT_AVAILABLE				artefato não recuperado nesta sessão; não fabricado
040	NOT_AVAILABLE				artefato não recuperado nesta sessão; não fabricado
041	NOT_AVAILABLE				artefato não recuperado nesta sessão; não fabricado
042	NOT_AVAILABLE				artefato não recuperado nesta sessão; não fabricado
043	NOT_AVAILABLE				artefato não recuperado nesta sessão; não fabricado
044	NOT_AVAILABLE				artefato não recuperado nesta sessão; não fabricado
045	NOT_AVAILABLE				artefato não recuperado nesta sessão; não fabricado
046	NOT_AVAILABLE				artefato não recuperado nesta sessão; não fabricado
047	NOT_AVAILABLE				artefato não recuperado nesta sessão; não fabricado
048	NOT_AVAILABLE				artefato não recuperado nesta sessão; não fabricado
049	NOT_AVAILABLE				artefato não recuperado nesta sessão; não fabricado
050	NOT_AVAILABLE				artefato não recuperado nesta sessão; não fabricado
051	NOT_AVAILABLE				artefato não recuperado nesta sessão; não fabricado
052	NOT_AVAILABLE				artefato não recuperado nesta sessão; não fabricado
053	NOT_AVAILABLE				artefato não recuperado nesta sessão; não fabricado
054	NOT_AVAILABLE				artefato não recuperado nesta sessão; não fabricado
055	NOT_AVAILABLE				artefato não recuperado nesta sessão; não fabricado
056	NOT_AVAILABLE				artefato não recuperado nesta sessão; não fabricado
057	NOT_AVAILABLE				artefato não recuperado nesta sessão; não fabricado
058	NOT_AVAILABLE				artefato não recuperado nesta sessão; não fabricado
059	NOT_AVAILABLE				artefato não recuperado nesta sessão; não fabricado
060	NOT_AVAILABLE				artefato não recuperado nesta sessão; não fabricado
061	NOT_AVAILABLE				artefato não recuperado nesta sessão; não fabricado
062	NOT_AVAILABLE				artefato não recuperado nesta sessão; não fabricado
063	NOT_AVAILABLE				artefato não recuperado nesta sessão; não fabricado
064	NOT_AVAILABLE				artefato não recuperado nesta sessão; não fabricado
065	NOT_AVAILABLE				artefato não recuperado nesta sessão; não fabricado
066	NOT_AVAILABLE				artefato não recuperado nesta sessão; não fabricado
067	NOT_AVAILABLE				artefato não recuperado nesta sessão; não fabricado
068	NOT_AVAILABLE				artefato não recuperado nesta sessão; não fabricado
069	NOT_AVAILABLE				artefato não recuperado nesta sessão; não fabricado
070	NOT_AVAILABLE				artefato não recuperado nesta sessão; não fabricado
071	NOT_AVAILABLE				artefato não recuperado nesta sessão; não fabricado
072	NOT_AVAILABLE				artefato não recuperado nesta sessão; não fabricado
073	NOT_AVAILABLE				artefato não recuperado nesta sessão; não fabricado
074	NOT_AVAILABLE				artefato não recuperado nesta sessão; não fabricado
075	NOT_AVAILABLE				artefato não recuperado nesta sessão; não fabricado
076	NOT_AVAILABLE				artefato não recuperado nesta sessão; não fabricado
077	NOT_AVAILABLE				artefato não recuperado nesta sessão; não fabricado
078	NOT_AVAILABLE				artefato não recuperado nesta sessão; não fabricado
079	NOT_AVAILABLE				artefato não recuperado nesta sessão; não fabricado
080	NOT_AVAILABLE				artefato não recuperado nesta sessão; não fabricado
081	NOT_AVAILABLE				artefato não recuperado nesta sessão; não fabricado
082	NOT_AVAILABLE				artefato não recuperado nesta sessão; não fabricado
083	NOT_AVAILABLE				artefato não recuperado nesta sessão; não fabricado
084	NOT_AVAILABLE				artefato não recuperado nesta sessão; não fabricado
085	NOT_AVAILABLE				artefato não recuperado nesta sessão; não fabricado
086	NOT_AVAILABLE				artefato não recuperado nesta sessão; não fabricado
087	NOT_AVAILABLE				artefato não recuperado nesta sessão; não fabricado
088	NOT_AVAILABLE				artefato não recuperado nesta sessão; não fabricado
089	NOT_AVAILABLE				artefato não recuperado nesta sessão; não fabricado
090	NOT_AVAILABLE				artefato não recuperado nesta sessão; não fabricado
091	NOT_AVAILABLE				artefato não recuperado nesta sessão; não fabricado
092	NOT_AVAILABLE				artefato não recuperado nesta sessão; não fabricado
093	NOT_AVAILABLE				artefato não recuperado nesta sessão; não fabricado
094	NOT_AVAILABLE				artefato não recuperado nesta sessão; não fabricado
095	NOT_AVAILABLE				artefato não recuperado nesta sessão; não fabricado
096	NOT_AVAILABLE				artefato não recuperado nesta sessão; não fabricado
097	NOT_AVAILABLE				artefato não recuperado nesta sessão; não fabricado
098	NOT_AVAILABLE				artefato não recuperado nesta sessão; não fabricado
099	NOT_AVAILABLE				artefato não recuperado nesta sessão; não fabricado
100	NOT_AVAILABLE				artefato não recuperado nesta sessão; não fabricado
101	NOT_AVAILABLE				artefato não recuperado nesta sessão; não fabricado
102	NOT_AVAILABLE				artefato não recuperado nesta sessão; não fabricado
103	NOT_AVAILABLE				artefato não recuperado nesta sessão; não fabricado
104	NOT_AVAILABLE				artefato não recuperado nesta sessão; não fabricado
105	NOT_AVAILABLE				artefato não recuperado nesta sessão; não fabricado
106	NOT_AVAILABLE				artefato não recuperado nesta sessão; não fabricado
107	NOT_AVAILABLE				artefato não recuperado nesta sessão; não fabricado
108	NOT_AVAILABLE				artefato não recuperado nesta sessão; não fabricado
109	NOT_AVAILABLE				artefato não recuperado nesta sessão; não fabricado
110	NOT_AVAILABLE				artefato não recuperado nesta sessão; não fabricado
111	NOT_AVAILABLE				artefato não recuperado nesta sessão; não fabricado
112	NOT_AVAILABLE				artefato não recuperado nesta sessão; não fabricado
113	NOT_AVAILABLE				artefato não recuperado nesta sessão; não fabricado
114	NOT_AVAILABLE				artefato não recuperado nesta sessão; não fabricado
115	NOT_AVAILABLE				artefato não recuperado nesta sessão; não fabricado
116	NOT_AVAILABLE				artefato não recuperado nesta sessão; não fabricado
117	NOT_AVAILABLE				artefato não recuperado nesta sessão; não fabricado
118	NOT_AVAILABLE				artefato não recuperado nesta sessão; não fabricado
119	NOT_AVAILABLE				artefato não recuperado nesta sessão; não fabricado
120	NOT_AVAILABLE				artefato não recuperado nesta sessão; não fabricado
121	NOT_AVAILABLE				artefato não recuperado nesta sessão; não fabricado
122	NOT_AVAILABLE				artefato não recuperado nesta sessão; não fabricado
123	NOT_AVAILABLE				artefato não recuperado nesta sessão; não fabricado
124	NOT_AVAILABLE				artefato não recuperado nesta sessão; não fabricado
125	NOT_AVAILABLE				artefato não recuperado nesta sessão; não fabricado
126	NOT_AVAILABLE				artefato não recuperado nesta sessão; não fabricado
127	NOT_AVAILABLE				artefato não recuperado nesta sessão; não fabricado
128	NOT_AVAILABLE				artefato não recuperado nesta sessão; não fabricado
129	NOT_AVAILABLE				artefato não recuperado nesta sessão; não fabricado
130	NOT_AVAILABLE				artefato não recuperado nesta sessão; não fabricado
131	NOT_AVAILABLE				artefato não recuperado nesta sessão; não fabricado
132	NOT_AVAILABLE				artefato não recuperado nesta sessão; não fabricado
133	NOT_AVAILABLE				artefato não recuperado nesta sessão; não fabricado
134	NOT_AVAILABLE				artefato não recuperado nesta sessão; não fabricado
135	NOT_AVAILABLE				artefato não recuperado nesta sessão; não fabricado
136	NOT_AVAILABLE				artefato não recuperado nesta sessão; não fabricado
137	NOT_AVAILABLE				artefato não recuperado nesta sessão; não fabricado
138	NOT_AVAILABLE				artefato não recuperado nesta sessão; não fabricado
139	NOT_AVAILABLE				artefato não recuperado nesta sessão; não fabricado
140	NOT_AVAILABLE				artefato não recuperado nesta sessão; não fabricado
141	NOT_AVAILABLE				artefato não recuperado nesta sessão; não fabricado
142	NOT_AVAILABLE				artefato não recuperado nesta sessão; não fabricado
143	NOT_AVAILABLE				artefato não recuperado nesta sessão; não fabricado
144	NOT_AVAILABLE				artefato não recuperado nesta sessão; não fabricado
145	NOT_AVAILABLE				artefato não recuperado nesta sessão; não fabricado
146	NOT_AVAILABLE				artefato não recuperado nesta sessão; não fabricado
147	NOT_AVAILABLE				artefato não recuperado nesta sessão; não fabricado
148	NOT_AVAILABLE				artefato não recuperado nesta sessão; não fabricado
149	NOT_AVAILABLE				artefato não recuperado nesta sessão; não fabricado
150	NOT_AVAILABLE				artefato não recuperado nesta sessão; não fabricado
151	NOT_AVAILABLE				artefato não recuperado nesta sessão; não fabricado
152	NOT_AVAILABLE				artefato não recuperado nesta sessão; não fabricado
153	NOT_AVAILABLE				artefato não recuperado nesta sessão; não fabricado
154	NOT_AVAILABLE				artefato não recuperado nesta sessão; não fabricado
155	NOT_AVAILABLE				artefato não recuperado nesta sessão; não fabricado
156	NOT_AVAILABLE				artefato não recuperado nesta sessão; não fabricado
157	NOT_AVAILABLE				artefato não recuperado nesta sessão; não fabricado
158	NOT_AVAILABLE				artefato não recuperado nesta sessão; não fabricado
159	NOT_AVAILABLE				artefato não recuperado nesta sessão; não fabricado
160	NOT_AVAILABLE				artefato não recuperado nesta sessão; não fabricado
161	NOT_AVAILABLE				artefato não recuperado nesta sessão; não fabricado
162	NOT_AVAILABLE				artefato não recuperado nesta sessão; não fabricado
163	NOT_AVAILABLE				artefato não recuperado nesta sessão; não fabricado
164	NOT_AVAILABLE				artefato não recuperado nesta sessão; não fabricado
165	NOT_AVAILABLE				artefato não recuperado nesta sessão; não fabricado
166	NOT_AVAILABLE				artefato não recuperado nesta sessão; não fabricado
167	NOT_AVAILABLE				artefato não recuperado nesta sessão; não fabricado
168	NOT_AVAILABLE				artefato não recuperado nesta sessão; não fabricado
169	NOT_AVAILABLE				artefato não recuperado nesta sessão; não fabricado
170	NOT_AVAILABLE				artefato não recuperado nesta sessão; não fabricado
171	NOT_AVAILABLE				artefato não recuperado nesta sessão; não fabricado
172	NOT_AVAILABLE				artefato não recuperado nesta sessão; não fabricado
173	NOT_AVAILABLE				artefato não recuperado nesta sessão; não fabricado
174	NOT_AVAILABLE				artefato não recuperado nesta sessão; não fabricado
175	NOT_AVAILABLE				artefato não recuperado nesta sessão; não fabricado
176	NOT_AVAILABLE				artefato não recuperado nesta sessão; não fabricado
177	NOT_AVAILABLE				artefato não recuperado nesta sessão; não fabricado
178	NOT_AVAILABLE				artefato não recuperado nesta sessão; não fabricado
179	NOT_AVAILABLE				artefato não recuperado nesta sessão; não fabricado
180	NOT_AVAILABLE				artefato não recuperado nesta sessão; não fabricado
181	NOT_AVAILABLE				artefato não recuperado nesta sessão; não fabricado
182	NOT_AVAILABLE				artefato não recuperado nesta sessão; não fabricado
183	NOT_AVAILABLE				artefato não recuperado nesta sessão; não fabricado
184	NOT_AVAILABLE				artefato não recuperado nesta sessão; não fabricado
185	NOT_AVAILABLE				artefato não recuperado nesta sessão; não fabricado
186	NOT_AVAILABLE				artefato não recuperado nesta sessão; não fabricado
187	NOT_AVAILABLE				artefato não recuperado nesta sessão; não fabricado
188	NOT_AVAILABLE				artefato não recuperado nesta sessão; não fabricado
189	NOT_AVAILABLE				artefato não recuperado nesta sessão; não fabricado
190	NOT_AVAILABLE				artefato não recuperado nesta sessão; não fabricado
191	NOT_AVAILABLE				artefato não recuperado nesta sessão; não fabricado
192	NOT_AVAILABLE				artefato não recuperado nesta sessão; não fabricado
193	NOT_AVAILABLE				artefato não recuperado nesta sessão; não fabricado
194	NOT_AVAILABLE				artefato não recuperado nesta sessão; não fabricado
195	NOT_AVAILABLE				artefato não recuperado nesta sessão; não fabricado
196	NOT_AVAILABLE				artefato não recuperado nesta sessão; não fabricado
197	NOT_AVAILABLE				artefato não recuperado nesta sessão; não fabricado
198	NOT_AVAILABLE				artefato não recuperado nesta sessão; não fabricado
199	NOT_AVAILABLE				artefato não recuperado nesta sessão; não fabricado
200	NOT_AVAILABLE				artefato não recuperado nesta sessão; não fabricado
201	NOT_AVAILABLE				artefato não recuperado nesta sessão; não fabricado
202	NOT_AVAILABLE				artefato não recuperado nesta sessão; não fabricado
203	NOT_AVAILABLE				artefato não recuperado nesta sessão; não fabricado
204	NOT_AVAILABLE				artefato não recuperado nesta sessão; não fabricado
205	NOT_AVAILABLE				artefato não recuperado nesta sessão; não fabricado
206	NOT_AVAILABLE				artefato não recuperado nesta sessão; não fabricado
207	NOT_AVAILABLE				artefato não recuperado nesta sessão; não fabricado
208	NOT_AVAILABLE				artefato não recuperado nesta sessão; não fabricado
209	NOT_AVAILABLE				artefato não recuperado nesta sessão; não fabricado
210	NOT_AVAILABLE				artefato não recuperado nesta sessão; não fabricado
211	NOT_AVAILABLE				artefato não recuperado nesta sessão; não fabricado
212	NOT_AVAILABLE				artefato não recuperado nesta sessão; não fabricado
213	NOT_AVAILABLE				artefato não recuperado nesta sessão; não fabricado
214	NOT_AVAILABLE				artefato não recuperado nesta sessão; não fabricado
215	NOT_AVAILABLE				artefato não recuperado nesta sessão; não fabricado
216	NOT_AVAILABLE				artefato não recuperado nesta sessão; não fabricado
217	NOT_AVAILABLE				artefato não recuperado nesta sessão; não fabricado
218	NOT_AVAILABLE				artefato não recuperado nesta sessão; não fabricado
219	NOT_AVAILABLE				artefato não recuperado nesta sessão; não fabricado
220	NOT_AVAILABLE				artefato não recuperado nesta sessão; não fabricado
221	NOT_AVAILABLE				artefato não recuperado nesta sessão; não fabricado
222	NOT_AVAILABLE				artefato não recuperado nesta sessão; não fabricado
223	NOT_AVAILABLE				artefato não recuperado nesta sessão; não fabricado
224	NOT_AVAILABLE				artefato não recuperado nesta sessão; não fabricado
225	NOT_AVAILABLE				artefato não recuperado nesta sessão; não fabricado
226	NOT_AVAILABLE				artefato não recuperado nesta sessão; não fabricado
227	NOT_AVAILABLE				artefato não recuperado nesta sessão; não fabricado
228	NOT_AVAILABLE				artefato não recuperado nesta sessão; não fabricado
229	NOT_AVAILABLE				artefato não recuperado nesta sessão; não fabricado
230	NOT_AVAILABLE				artefato não recuperado nesta sessão; não fabricado
231	NOT_AVAILABLE				artefato não recuperado nesta sessão; não fabricado
232	NOT_AVAILABLE				artefato não recuperado nesta sessão; não fabricado
233	NOT_AVAILABLE				artefato não recuperado nesta sessão; não fabricado
234	NOT_AVAILABLE				artefato não recuperado nesta sessão; não fabricado
235	NOT_AVAILABLE				artefato não recuperado nesta sessão; não fabricado
236	NOT_AVAILABLE				artefato não recuperado nesta sessão; não fabricado
237	NOT_AVAILABLE				artefato não recuperado nesta sessão; não fabricado
238	NOT_AVAILABLE				artefato não recuperado nesta sessão; não fabricado
239	NOT_AVAILABLE				artefato não recuperado nesta sessão; não fabricado
240	NOT_AVAILABLE				artefato não recuperado nesta sessão; não fabricado
241	NOT_AVAILABLE				artefato não recuperado nesta sessão; não fabricado
242	NOT_AVAILABLE				artefato não recuperado nesta sessão; não fabricado
243	NOT_AVAILABLE				artefato não recuperado nesta sessão; não fabricado
244	NOT_AVAILABLE				artefato não recuperado nesta sessão; não fabricado
245	NOT_AVAILABLE				artefato não recuperado nesta sessão; não fabricado
246	NOT_AVAILABLE				artefato não recuperado nesta sessão; não fabricado
247	NOT_AVAILABLE				artefato não recuperado nesta sessão; não fabricado
248	NOT_AVAILABLE				artefato não recuperado nesta sessão; não fabricado
249	NOT_AVAILABLE				artefato não recuperado nesta sessão; não fabricado
250	NOT_AVAILABLE				artefato não recuperado nesta sessão; não fabricado
251	NOT_AVAILABLE				artefato não recuperado nesta sessão; não fabricado
252	NOT_AVAILABLE				artefato não recuperado nesta sessão; não fabricado
253	NOT_AVAILABLE				artefato não recuperado nesta sessão; não fabricado
254	NOT_AVAILABLE				artefato não recuperado nesta sessão; não fabricado
255	NOT_AVAILABLE				artefato não recuperado nesta sessão; não fabricado
256	NOT_AVAILABLE				artefato não recuperado nesta sessão; não fabricado
257	NOT_AVAILABLE				artefato não recuperado nesta sessão; não fabricado
258	NOT_AVAILABLE				artefato não recuperado nesta sessão; não fabricado
259	NOT_AVAILABLE				artefato não recuperado nesta sessão; não fabricado
260	NOT_AVAILABLE				artefato não recuperado nesta sessão; não fabricado
261	NOT_AVAILABLE				artefato não recuperado nesta sessão; não fabricado
262	NOT_AVAILABLE				artefato não recuperado nesta sessão; não fabricado
263	NOT_AVAILABLE				artefato não recuperado nesta sessão; não fabricado
264	NOT_AVAILABLE				artefato não recuperado nesta sessão; não fabricado
265	NOT_AVAILABLE				artefato não recuperado nesta sessão; não fabricado
266	NOT_AVAILABLE				artefato não recuperado nesta sessão; não fabricado
267	NOT_AVAILABLE				artefato não recuperado nesta sessão; não fabricado
268	NOT_AVAILABLE				artefato não recuperado nesta sessão; não fabricado
269	NOT_AVAILABLE				artefato não recuperado nesta sessão; não fabricado
270	NOT_AVAILABLE				artefato não recuperado nesta sessão; não fabricado
271	NOT_AVAILABLE				artefato não recuperado nesta sessão; não fabricado
272	NOT_AVAILABLE				artefato não recuperado nesta sessão; não fabricado
273	NOT_AVAILABLE				artefato não recuperado nesta sessão; não fabricado
274	NOT_AVAILABLE				artefato não recuperado nesta sessão; não fabricado
275	NOT_AVAILABLE				artefato não recuperado nesta sessão; não fabricado
276	NOT_AVAILABLE				artefato não recuperado nesta sessão; não fabricado
277	NOT_AVAILABLE				artefato não recuperado nesta sessão; não fabricado
278	NOT_AVAILABLE				artefato não recuperado nesta sessão; não fabricado
279	NOT_AVAILABLE				artefato não recuperado nesta sessão; não fabricado
280	NOT_AVAILABLE				artefato não recuperado nesta sessão; não fabricado
281	NOT_AVAILABLE				artefato não recuperado nesta sessão; não fabricado
282	NOT_AVAILABLE				artefato não recuperado nesta sessão; não fabricado
283	NOT_AVAILABLE				artefato não recuperado nesta sessão; não fabricado
284	NOT_AVAILABLE				artefato não recuperado nesta sessão; não fabricado
285	NOT_AVAILABLE				artefato não recuperado nesta sessão; não fabricado
286	NOT_AVAILABLE				artefato não recuperado nesta sessão; não fabricado
287	NOT_AVAILABLE				artefato não recuperado nesta sessão; não fabricado
288	NOT_AVAILABLE				artefato não recuperado nesta sessão; não fabricado
289	NOT_AVAILABLE				artefato não recuperado nesta sessão; não fabricado
290	NOT_AVAILABLE				artefato não recuperado nesta sessão; não fabricado
291	NOT_AVAILABLE				artefato não recuperado nesta sessão; não fabricado
292	NOT_AVAILABLE				artefato não recuperado nesta sessão; não fabricado
293	NOT_AVAILABLE				artefato não recuperado nesta sessão; não fabricado
294	NOT_AVAILABLE				artefato não recuperado nesta sessão; não fabricado
295	NOT_AVAILABLE				artefato não recuperado nesta sessão; não fabricado
296	NOT_AVAILABLE				artefato não recuperado nesta sessão; não fabricado
297	NOT_AVAILABLE				artefato não recuperado nesta sessão; não fabricado
298	NOT_AVAILABLE				artefato não recuperado nesta sessão; não fabricado
299	NOT_AVAILABLE				artefato não recuperado nesta sessão; não fabricado
