index,label_or_address,address_candidate,balance_btc_as_provided,inputs,outputs,source
420,1ERf7djuaCGE7Dhjm7cd9gLYCaqBpCvE3,1ERf7djuaCGE7Dhjm7cd9gLYCaqBpCvE3,500.00,26,0,pasted_content.txt
421,12NiPXKveMZQsek1QYucYQqjTNQ1zvDGBu,12NiPXKveMZQsek1QYucYQqjTNQ1zvDGBu,500.00,25,0,pasted_content.txt
422,1B3BpchGnXDsgDMT92cAGcaQYkvvEHhdag,1B3BpchGnXDsgDMT92cAGcaQYkvvEHhdag,500.00,24,0,pasted_content.txt
423,18TExPoeCKud3H71fGPNJ54TVuNp2q8VV9,18TExPoeCKud3H71fGPNJ54TVuNp2q8VV9,500.00,25,0,pasted_content.txt
424,17fEF2VTryzT3APTYTqKi2SThPai8Tzh7z,17fEF2VTryzT3APTYTqKi2SThPai8Tzh7z,500.00,25,0,pasted_content.txt
425,16FFhhQBHXvZnuWzFPuAuPgADeaNqkdnXi,16FFhhQBHXvZnuWzFPuAuPgADeaNqkdnXi,500.00,25,0,pasted_content.txt
426,1CWCrnNi3kWwjvVzsF9LSyJVV9gdp1KYGM,1CWCrnNi3kWwjvVzsF9LSyJVV9gdp1KYGM,500.00,25,0,pasted_content.txt
427,1BXbBDc9zEdDeWWGRvipK7FfbSUcRuLsv8,1BXbBDc9zEdDeWWGRvipK7FfbSUcRuLsv8,500.00,24,0,pasted_content.txt
428,18v45sFpTrGRNMW34PooFYcnqhULUS7AeN,18v45sFpTrGRNMW34PooFYcnqhULUS7AeN,500.00,24,0,pasted_content.txt
429,1HhchdRdUcmgvkEfb2gYZJ2TgAtjTiPJNX,1HhchdRdUcmgvkEfb2gYZJ2TgAtjTiPJNX,500.00,24,0,pasted_content.txt
431,1CjDQitoqgm7wKhF3pZDBzAsq4Jbz9r2LT,1CjDQitoqgm7wKhF3pZDBzAsq4Jbz9r2LT,500.00,25,0,pasted_content.txt
432,1P6RsTx2iW32SapV9Y63z5M4LW2KE2TtPE,1P6RsTx2iW32SapV9Y63z5M4LW2KE2TtPE,500.00,23,0,pasted_content.txt
433,1CoG8tAfg2cQXhWptGRjTEpiAkYgU3xYvY,1CoG8tAfg2cQXhWptGRjTEpiAkYgU3xYvY,500.00,23,0,pasted_content.txt
434,1DpEqg8kYPpzgnzMNLNSH2otAfiNqwhozX,1DpEqg8kYPpzgnzMNLNSH2otAfiNqwhozX,500.00,26,0,pasted_content.txt
435,1737CMveZDmZLMocHJNFE3zJrcgMjkt5WV,1737CMveZDmZLMocHJNFE3zJrcgMjkt5WV,500.00,23,0,pasted_content.txt
436,1GWvNXZtdFkMngrmzZ762RLy3KqDSne7He,1GWvNXZtdFkMngrmzZ762RLy3KqDSne7He,500.00,27,0,pasted_content.txt
437,1FNF2m8DgQ1g875V67JfmEW8BTYvYBsEYz,1FNF2m8DgQ1g875V67JfmEW8BTYvYBsEYz,500.00,25,0,pasted_content.txt
438,1NL8AphGnYCYywPhfWu73ofPeAQYh9pJmH,1NL8AphGnYCYywPhfWu73ofPeAQYh9pJmH,500.00,25,0,pasted_content.txt
439,1LQrr38N4HnvxFxSiN4kjzMa9ytJMhxmyT,1LQrr38N4HnvxFxSiN4kjzMa9ytJMhxmyT,500.00,28,0,pasted_content.txt
440,1BC5C4xbR6hCQ4AZ7AZqaCU85UY6bbZYFK,1BC5C4xbR6hCQ4AZ7AZqaCU85UY6bbZYFK,500.00,24,0,pasted_content.txt
441,15AdM31P63tXG6LYdXVAToAKwUqRnBzu7G,15AdM31P63tXG6LYdXVAToAKwUqRnBzu7G,499.98,26,0,pasted_content.txt
442,19kVST7m9ywkTyRnMsiVibtLgLU7VpPoy2,19kVST7m9ywkTyRnMsiVibtLgLU7VpPoy2,499.88,30,1,pasted_content.txt
443,13JEGFpfLijF2dFYHxecWipiCJEWRYfyff,13JEGFpfLijF2dFYHxecWipiCJEWRYfyff,498.02,27,0,pasted_content.txt
444,17eSZivDJpuJp9TxezTXVxkgLbsr3XZM1i,17eSZivDJpuJp9TxezTXVxkgLbsr3XZM1i,491.25,47,2,pasted_content.txt
445,1K2zPR4H2onTTSqYKim7zpo1Lg8PwiCDRS,1K2zPR4H2onTTSqYKim7zpo1Lg8PwiCDRS,490.00,32,1,pasted_content.txt
447,1Gv4Pv48Zyeb2QPM9wiKywCrjbxJmMemDr,1Gv4Pv48Zyeb2QPM9wiKywCrjbxJmMemDr,490.00,37,1,pasted_content.txt
448,1KjNXfFKf4ihaNcJS3ev8pjXDJ2SEkYm6h,1KjNXfFKf4ihaNcJS3ev8pjXDJ2SEkYm6h,489.47,27,0,pasted_content.txt
449,15s77YpwbDkHqAfy2Gzt7RKx2R49LkKduJ,15s77YpwbDkHqAfy2Gzt7RKx2R49LkKduJ,487.00,27,0,pasted_content.txt
453,1MoedaChanceXXXXXXXXXXXXXXXXXXXZELUFD,,480.20,272,0,pasted_content.txt
455,1DSZX2kBx7uWfsFrRECywUkng8kdWQww5F,1DSZX2kBx7uWfsFrRECywUkng8kdWQww5F,477.01,29,0,pasted_content.txt
456,1HzeMRNy34AEEVKJiis8bgQNSQ3XVLmDc9,1HzeMRNy34AEEVKJiis8bgQNSQ3XVLmDc9,472.90,29,0,pasted_content.txt
457,1HDHDx6rL8Lb4mTSKdJCiKihhgQH48Unck,1HDHDx6rL8Lb4mTSKdJCiKihhgQH48Unck,472.45,27,0,pasted_content.txt
458,1QDqsUQP8GSaAHV2pfhTDgoeFBHyx81ej4,1QDqsUQP8GSaAHV2pfhTDgoeFBHyx81ej4,467.55,28,0,pasted_content.txt
459,1AkhoU5DZfPU2ob69PvaVZNw1Npp4ovKaM,1AkhoU5DZfPU2ob69PvaVZNw1Npp4ovKaM,465.92,28,0,pasted_content.txt
460,1No2jiAeoHaKNGwa4S8P37D8Lo5WmoNENy,1No2jiAeoHaKNGwa4S8P37D8Lo5WmoNENy,462.00,27,0,pasted_content.txt
461,13WBtDjL2NBzeaCNDq1rL1yXgo9suHAk4r,13WBtDjL2NBzeaCNDq1rL1yXgo9suHAk4r,461.55,28,0,pasted_content.txt
462,1HhxRPr3b1QnYmrQ9XoqWod7GQhrYu7p4,1HhxRPr3b1QnYmrQ9XoqWod7GQhrYu7p4,460.40,37,0,pasted_content.txt
463,15118gh8ayxTF4cTgQwG4tByre8wUXEz62,15118gh8ayxTF4cTgQwG4tByre8wUXEz62,457.58,29,0,pasted_content.txt
464,1L34XHsVTokQ47UScyT5SVS8yvDY5TptLe,1L34XHsVTokQ47UScyT5SVS8yvDY5TptLe,457.02,30,1,pasted_content.txt
465,1AjSWB8ShiVFkWRXSk5QkuJGTvui6wEmtT,1AjSWB8ShiVFkWRXSk5QkuJGTvui6wEmtT,456.07,30,0,pasted_content.txt
466,1J4bb7QUApwqueHU5WBzeJF6qRPwzSZiYD,1J4bb7QUApwqueHU5WBzeJF6qRPwzSZiYD,455.86,27,0,pasted_content.txt
470,1AFZ8S29PHneb49zdFB2BbVSZtcxtUo9ff,1AFZ8S29PHneb49zdFB2BbVSZtcxtUo9ff,450.12,49,2,pasted_content.txt
471,121HUwgrYxGHTzrwMjDw62xz8wzzRXt6BR,121HUwgrYxGHTzrwMjDw62xz8wzzRXt6BR,450.00,27,0,pasted_content.txt
472,15tFUZGeziJ3C4JhL5tqNM1oUWkMAbLnx7,15tFUZGeziJ3C4JhL5tqNM1oUWkMAbLnx7,450.00,27,0,pasted_content.txt
473,13rfsgzLb3uJf7zhqNhj8pv1aQatT5rhWZ,13rfsgzLb3uJf7zhqNhj8pv1aQatT5rhWZ,450.00,28,0,pasted_content.txt
474,18KynEuWHsf4fG3BEc5SUrDZGuy4qYcayj,18KynEuWHsf4fG3BEc5SUrDZGuy4qYcayj,450.00,31,0,pasted_content.txt
475,18KMPuw7f34Z9pvb9k6qsse5avMdjF5wvR,18KMPuw7f34Z9pvb9k6qsse5avMdjF5wvR,450.00,29,0,pasted_content.txt
476,13Pwkr9ZJe3cLenDxZQHbwuFRBgpsP23EB,13Pwkr9ZJe3cLenDxZQHbwuFRBgpsP23EB,449.60,27,0,pasted_content.txt
477,1BDgZWjUTcC2kTjaAFFoDzc8mVZ7UaaY2W,1BDgZWjUTcC2kTjaAFFoDzc8mVZ7UaaY2W,445.11,26,0,pasted_content.txt
478,1P3KcBg4Q43PSBiJQxgUNg93HoSXdnuXpB,1P3KcBg4Q43PSBiJQxgUNg93HoSXdnuXpB,444.00,26,0,pasted_content.txt
481,1EBxXhWiAq8g6iNvQtyCu5nrfCDt86bzTa,1EBxXhWiAq8g6iNvQtyCu5nrfCDt86bzTa,435.46,27,0,pasted_content.txt
482,1G6LDigKRxmNhnAQPonJRSR41fcPjGdmQZ,1G6LDigKRxmNhnAQPonJRSR41fcPjGdmQZ,435.30,27,0,pasted_content.txt
483,15WUGm6CWjszy7DRKh5qcxKnpXDcnLyZt7,15WUGm6CWjszy7DRKh5qcxKnpXDcnLyZt7,433.25,260,0,pasted_content.txt
484,19ueTU4yGwwrjYEEc3iGmgGkYZKxVCHtUv,19ueTU4yGwwrjYEEc3iGmgGkYZKxVCHtUv,431.30,26,0,pasted_content.txt
485,16Saytx1YPV3cbgNQipuLtgy6YhwojDf31,16Saytx1YPV3cbgNQipuLtgy6YhwojDf31,430.32,29,0,pasted_content.txt
486,1DMtgLUVGbrns2B3yF5m62xQp4nz87nKyf,1DMtgLUVGbrns2B3yF5m62xQp4nz87nKyf,430.00,21,0,pasted_content.txt
487,18GpNNt97pccae8nNjU71ArhFRwxLNtY3c,18GpNNt97pccae8nNjU71ArhFRwxLNtY3c,424.25,22,0,pasted_content.txt
488,1EBH8XsoeZFBqz7mFdHpzhgKFF8cCQr8PL,1EBH8XsoeZFBqz7mFdHpzhgKFF8cCQr8PL,423.84,23,0,pasted_content.txt
489,1GAqjUvHkpKmjEvUpE7qz97tmn7gwZXAd5,1GAqjUvHkpKmjEvUpE7qz97tmn7gwZXAd5,423.70,23,0,pasted_content.txt
491,1CoYHPiwmPTrpPRehPgaQyZzPFvPkPM6Jo,1CoYHPiwmPTrpPRehPgaQyZzPFvPkPM6Jo,420.00,28,1,pasted_content.txt
492,1EJYC1e3EPVQdi41uYgcK9j9G8HjPxcDFv,1EJYC1e3EPVQdi41uYgcK9j9G8HjPxcDFv,420.00,23,0,pasted_content.txt
493,1EWNxGwjJqG9ntk6F2mzi8Bf78JESYyDnr,1EWNxGwjJqG9ntk6F2mzi8Bf78JESYyDnr,418.70,26,0,pasted_content.txt
494,1LvRpQ9bkADXqfjL7Uc7VfoydFVAE39erF,1LvRpQ9bkADXqfjL7Uc7VfoydFVAE39erF,417.40,24,0,pasted_content.txt
495,1HZmZjVzjFigRi2NtvWftNu12uMfMLey3b,1HZmZjVzjFigRi2NtvWftNu12uMfMLey3b,414.01,25,0,pasted_content.txt
496,1PvExXTCN3GrrvMnYkQrDeKVVazyakQrJu,1PvExXTCN3GrrvMnYkQrDeKVVazyakQrJu,412.50,24,0,pasted_content.txt
497,13Coop8xFbYj9JR9WyF5EqzGa9GiZmxs7C,13Coop8xFbYj9JR9WyF5EqzGa9GiZmxs7C,411.45,25,0,pasted_content.txt
498,12ZJwjvH3qMptXy8Myf5S7B9UL4aNSn2kn,12ZJwjvH3qMptXy8Myf5S7B9UL4aNSn2kn,411.00,24,0,pasted_content.txt
499,1f3ngXYTLVWwtDC6uLBGqsZazXwgoom2j,1f3ngXYTLVWwtDC6uLBGqsZazXwgoom2j,407.34,45,0,pasted_content.txt
500,1GbQE34Ejh1XjWHkmXq6pftThmnTXJX9Zf,1GbQE34Ejh1XjWHkmXq6pftThmnTXJX9Zf,406.50,29,3,pasted_content.txt
