sha256	size_bytes	path
fc5dd1525ff475df976a02653d61fb99879feb1b1e18f09bddabf5f27031448c	28015410	Chaves Privadas/MASTER_POOL.txt
ef06e084f0874e7be76c8edafc9f9eaa9eb4e88f32cbf6baf626e05231b83d12	15086	Chaves Privadas/Wallet_BenBeou.txt
dd7e2acbba01ea66bcde6b6cf6bfe8d699e987a2eb0b4e6a3b838391814545cd	16287	Chaves Privadas/privatekeys05.01.26.txt
3dc0353944e640931e6b4b28430690c232f8c18f928e0e38dd1470f2a04d154a	36519634	Chaves Privadas/wallet2_benbeou2014.dat.backup
0f89de025d00183ed9bf4186bcb614b706ba7fea90f5451a1dfaf858d9525e43	1645	Chaves Privadas/wallet_ben.dat
d89e1f8c556de615aeac38c9ce58f0efbabd992fc7071dc3e58ed277f2264092	9889562	Chaves Privadas/wallet_benbeou.dat
d30765e7558f64927d02f44f32cd01cb0bf7ba4aec798ac87133433c924ea109	9889661	Chaves Privadas/wallet_benbeou2014.dat
525ca621bd8bf5b2e1d1898c9e555c4ea8002a93ee11d13ae30875de3fee6b55	3767	Chaves Privadas/wallet_benbeou2014.dat.backup
a3434d7944dbb9024cd47ebd3443e75847cadaae8f61e3936cd487322f35c29c	3927	Electrum/electrum1x_derivation.py
e1621ad25d7e767a7d2a8ccc16bf8652cf561e9528b88fb7bddd9129c54f1e32	1723	Electrum/electrum_1x_bitcoin.py
77a56f2cfd46897f94d63ab8e5654c0e0f80ffb0a548dbcb455fa04c2d6ff54e	3335	Electrum/electrum_1x_final_recovery.py
518678b40dfc12caaf47123da1bdb700686613e03d3e66b54b5c8af1582c5491	3560	Electrum/electrum_1x_oldaccount_recovery.py
06d841dda987bc51d8c8a1b8a7515f145917b400aa2e05a1bbd6f28e2f71e78b	4716	Electrum/electrum_1x_recovery.py
d03fd1dfd233e8b829e74fcfa7e1ab37888b4682131b0504f34a3a5cfb588588	4152	Electrum/electrum_1x_recovery_fixed.py
d01eccf5fa6bd335a1e4c2b3240abc9fd33dbb5ed5bb55eb4e8ebc18c2a420dc	6402	Electrum/electrum_1x_recovery_v2.py
3d878adfe231eb34fe2b150c905e36cc3ffd5973f30534761b5134ebfb64a5dc	4246	Electrum/electrum_1x_recovery_v3.py
eb5830987ebd7476ada537e397ee19a3ccaa5a60f1e2177090ff8798fd5efba8	7513	Electrum/raw.githubusercontent.com_spesmilo_electrum_1.9.8_lib_account.py.md
41b468a8317ba4f127273319b3e33505348b5c6405ba034eecb6a4a15ab5e395	15730	Electrum/raw.githubusercontent.com_spesmilo_electrum_1.9.8_lib_bitcoin.py.md
a1395fa9643857738abf555c1f8e51a64cdde7aa40965a05e58e5ce9bde62e98	5573	Electrum/raw.githubusercontent.com_spesmilo_electrum_master_electrum_old_mnemonic.py.md
7c96195580611658c235875c6b38adb696cc6d47829ae41c72dd49d6baaabd27	7523	Electrum/raw.githubusercontent.com_spesmilo_electrum_refs_tags_1.9.8_lib_account.py.md
5d303c9605a22fb7690a429cf2f512b6523335211746eb7e3960f29d3b939fe3	15740	Electrum/raw.githubusercontent.com_spesmilo_electrum_refs_tags_1.9.8_lib_bitcoin.py.md
d079908f4cd506f4acf0065af47d084d0a72fd981c278e402312443e64bb583f	7792	Relatórios e modo.md/Relatório de Análise Criptográfica do Endereço Bitcoin.md
eaca56a44996948cdb0d1876e582ca06f1070015fd0205fe98901569549f40c8	11682	Relatórios e modo.md/Relatório de Análise e Estratégia de Recuperação de Bitcoin.md
6999659cf48bc15ff5847821f59836df8f6fd7bbcabaab374b3e1d9fd7912159	4163	Relatórios e modo.md/address_analysis.py
729e21c67778758cfff2d6e400a2e976e8caab0ff0ce9e3188928f673ec10812	589	Relatórios e modo.md/address_report_raw.txt
51333623550e90bfe32b1bc0ca975c534e3a6086f64739742d9f32364379eadb	4060	Relatórios e modo.md/analise_recuperacao_preliminar.md
d3783b4e4f0c97ca8a9ec4c57749bf4ccda819bc95276218c265bf27dd6e41bd	298052	Relatórios e modo.md/pROTOCOLO DE RECUPERACAO.txt
51dcf43992572658783d2f50eab5998903c07a3ecb997e1260e38d973b6f8ba5	16345	Scripts/MASTER_POOL.txt
f22eb9e3bcdc55071241252dca946d0c693315072cad7afa8ffd7311ef480f48	11681	Scripts/Relatório de Análise e Estratégia de Recuperação de Bitcoin.md
1feb7927b30949e45058fdc4c80e8fa1894c9d3a64719852f35f7a07a88ec5ca	23892	Scripts/Ultimate.txt
8b66d17c2306f7fa97b6f2bb251747e87ac7b41970e4c082eeff456db13903e7	16334	Scripts/Ultimate_utf8.txt
732aae5b8d2d4148ad103d28b1395dd63da28a408fecfbb6e11ea1e89351d132	3617	Scripts/brute_force_seed.py
4b257356fb6342f8ad3556b9abe97d8fd2556da256813e38149068654c19877a	835	Scripts/check_bip39_word.py
9a93b5024dcb6afe92ab4e90f4185ad54ccd674025de3d0f9f5f2b878c67dea3	801	Scripts/check_electrum_words.py
ca77b1edce2c6ae168ff19f04769fc89ce9d1fded4ba34d89e5ba495a60c0a57	577	Scripts/check_mnemonic_to_seed.py
cd1d0d67c8b88fed4097a76e1978973b495c6c2c13f8a8d674544e93fd31914e	377	Scripts/check_words.py
0ff8abfd9b5885ea71bd4d4af1721666a6ce4e5aaf7ac9c34a1c5b5ebbae1a59	9696	Scripts/compare_seeds.py
0095f2295abbb71a2db933cf3cb4e78f61ebd390db77a46cafb4c9d6bb6267ab	3889	Scripts/comprehensive_recovery.py
bf9032e49ccb4dda552e4a349e971e646f830d23431ee40a258c23e01b36c88a	1698	Scripts/decode_user_mnemonic.py
9d78774f71a5ab16cc42347d89f9fda7a5d0d1ef8f9e06f59d04dae51b60d252	3632	Scripts/decrypt_electrum_seed.py
e1621ad25d7e767a7d2a8ccc16bf8652cf561e9528b88fb7bddd9129c54f1e32	1723	Scripts/electrum_1x_bitcoin.py
824d99d8b17c3df4b99430b97ac2f70575838d064276788b5fab1ace4882f2e1	1318	Scripts/encode_user_seed.py
3ea697f90a6b6dc41ba3924070098c616a685d01a52917ea9a4f5169d7ce656e	3671	Scripts/exhaustive_derivation.py
cce7ad7afcb1e1e16bfea8585b22e19c48639c46023ed82a221944dc42432aee	4041	Scripts/exhaustive_recovery.py
355bf5fcdf0da196d655fc96c1f24f2a51639a67b00e8ce53d29941f7fe3ffe2	2996	Scripts/extract_and_decode.py
21094413569b8ffaa7da8422a9aded7311e03ef2b24f4f486918e39345fef0dd	4440	Scripts/final_brute_force.py
c0d81be590f4594151c1c8c4cc094169f5e4be75ad80dad56280c015dc424689	3864	Scripts/final_recovery_attempt.py
e862572ebc8ad55fbc84951eff26669f343929550fb634f280755e5ebb825dd1	3835	Scripts/final_recovery_script.py
dc3033acae15ac7bd15f0374e08ecce4f14ff820e8b5303ea2496311bf745492	1970	Scripts/find_12th_word.py
f202d2e9d8fe5b507dfbe844a3d4f9a2bdb0ec0364fa72da202fe8dac7cfe27f	2534	Scripts/hamming_recovery.py
a37c7594eb94fb8e716517eeca8c89fbe6f8cd700256a9bb7624047c9cf4f0b1	10626	Scripts/hex_to_mnemonic.py
e3a55541405cb9752c4a85036b91828c7530142fae36502e85be82243b480f4f	3701	Scripts/pasted_content.txt
74d7b41580065b0eb251b73caf9e66bfe44fa760d9dcefc8f34bcc20a927c745	12116	Scripts/quantum_recovery_v7.py
a1395fa9643857738abf555c1f8e51a64cdde7aa40965a05e58e5ce9bde62e98	5573	Scripts/raw.githubusercontent.com_spesmilo_electrum_master_electrum_old_mnemonic.py.md
127dfeddf21850edd3479400e93ed9200293e5239ca90adcbf8e77ec7e73363d	13120	Scripts/real_bitcoin_transactions.py
aa3f793eb56bddcbedf58e898a5b3356c2c80fd377eb82ee6abb89252f0cd2f0	3561	Scripts/rich_address_analysis.py
f4386a41b7c81fe6b3ae25f6a0104cae824d6d2ff15d04f5c501514d9d5bae87	2052	Scripts/test_bip39.py
410d8bcba56e4d9fa3b89ecf8728f6448899279f6c76196811d29713509bb32d	2923	Scripts/test_bip44_real.py
694897ba17b87f6e54164f6c678b8560f87245f24b8f00695f9f51055137e2ce	1654	Scripts/test_brainwallet.py
48505e74bb014b0dc04f27bf2e13fc3cc77a6d52ce42e752bc367684c5797545	1498	Scripts/test_nearby_keys.py
d555f578594bf602d126c17e4107ebefa387884ee6e455581caee08a278fb938	1664	Scripts/test_report_algo.py
b80a38769e40feaed435741912cb3d85d835424d93e11944e059d599200c03cb	2081	Scripts/test_simple_derivation.py
94f265f6ab5b757c0a70a860f8eaf575123bec81885d5b9b4fdc3844b0646158	10668	Scripts/test_user_logic.py
b71d875ea6794eb91d3246cd4d3003103c24d8802ca41ff2ca44abe7cd5e32f7	1870	Scripts/test_wif_variations.py
7324903e2b33d7b699ba5952fb260df37b55d5f0231e59c31e88f9fa7ca74e68	3765	Scripts/transaction_builder.py
f2d43cf1e172b00d6795908718556885df788b6cbca1c261a9db637d4e1f0598	12602	Scripts/user_wordlist_brute.py
bb2bb2cd778a562cfb24babd0b310501a3cc3991514656bb01bd55136eab7502	1308	Scripts/validate_found_key.py
90b17c81b156583e16459d0fce15173cc24f7d3ed694ad97d9c8d4cf9c23590f	2008	Scripts/validate_found_key_v2.py
1aab2ad0fe08ba929b6e02a639376a55ad88ecf8cc6b29d4ab99ddeb7c156bb6	1365	Scripts/validate_found_key_v3.py
ffa482a17947ae38d6dbc5f4039bcd833c240b32759859fef4a86cd6bff02a08	2420	Scripts/validate_keys.py
32a36335292eebe039b2b1c6366de8c7f0389f62f3eea6674fb1f84adbd4cfb3	2730	Scripts/validate_seed.py
3c38d3c42ecc147350e26c3f3bd7099ca53fd646036a5fb274eb4702b562aa49	4651	Scripts/verify_mnemonic.py
6a07212767b6ea65f6de93622631f5a98ea0f65b4eecfc515b2cba155183f86f	4543	Scripts/verify_seed_encoding.py
f8d5e8fe6df27f214ebac7a9233cb36ddb09a1a10e6fb6069f4dcbfcbfe8961d	134935	analise_recuperacao_preliminar.md
